account_id,account_name,industry,country,signup_date,referral_source,plan_tier,seats,is_trial,churn_flag,total_subscriptions,total_mrr,total_arr,avg_seats,total_upgrades,total_downgrades,total_usage_count,total_usage_duration,total_usage_errors,total_tickets,avg_resolution_time,avg_satisfaction_score,total_escalations,target_churn,tenure_months,critical_ticket_ratio,active_days_ratio,usage_trend_3m
A-2e4581,Company_0,EdTech,US,2024-10-16,partner,Basic,9,False,True,10,12603,151236,31.2,1,0,535,152339,38,2.0,23.0,3.4906382978723407,0.0,1,17.4,1.0,0.724,0.5
A-43a9e3,Company_1,FinTech,IN,2023-08-17,other,Basic,18,False,False,8,10004,120048,22.0,3,0,355,101136,14,3.0,38.0,4.0,0.0,0,31.4,0.6666666666666666,0.07,0.458
A-0a282f,Company_2,DevTools,US,2024-08-27,organic,Basic,1,False,True,15,18286,219432,18.8,1,1,821,251210,48,3.0,43.66666666666666,4.666666666666667,0.0,1,19.1,0.3333333333333333,0.635,0.897
A-1f0ac7,Company_3,HealthTech,UK,2023-08-27,other,Basic,24,True,True,7,9275,111300,29.857142857142858,2,0,382,102528,21,2.0,29.0,3.981276595744681,0.0,1,31.1,0.5,0.081,0.776
A-ce550d,Company_4,HealthTech,US,2024-10-27,event,Enterprise,35,False,True,9,48761,585132,47.11111111111112,2,0,579,215779,31,7.0,42.285714285714285,3.851793313069909,1.0,1,17.0,0.5714285714285714,0.862,1.588
A-1b9609,Company_5,EdTech,IN,2023-10-12,ads,Enterprise,4,False,True,11,16810,201720,19.545454545454547,0,0,451,138375,20,4.0,43.0,3.735957446808511,0.0,1,29.6,0.75,0.096,0.931
A-a0ca4e,Company_6,Cybersecurity,US,2024-03-08,ads,Pro,11,False,False,9,16633,199596,19.55555555555556,0,0,373,116964,14,6.0,39.16666666666666,3.830212765957447,3.0,0,24.7,0.3333333333333333,0.131,1.148
A-e5d6ab,Company_7,EdTech,US,2023-04-15,partner,Pro,3,False,True,10,13048,156576,18.9,0,0,382,111506,23,3.0,42.66666666666666,3.981276595744681,0.0,1,35.5,0.6666666666666666,0.062,2.906
A-7dacce,Company_8,Cybersecurity,CA,2024-09-10,event,Enterprise,12,False,True,10,23057,276684,21.6,1,0,472,145429,29,4.0,32.5,3.7453191489361695,0.0,1,18.6,1.0,0.429,1.189
A-10b8da,Company_9,DevTools,US,2023-05-08,partner,Enterprise,14,False,False,6,8787,105444,19.33333333333333,1,0,257,73818,14,3.0,31.33333333333333,3.660425531914894,0.0,0,34.7,0.6666666666666666,0.043,3.733
A-592832,Company_10,Cybersecurity,US,2024-09-25,organic,Basic,18,False,True,19,32571,390852,27.63157894736842,1,1,1053,326283,55,3.0,32.666666666666664,4.320851063829788,0.0,1,18.1,0.3333333333333333,0.948,0.732
A-d40bf7,Company_11,FinTech,IN,2024-11-08,organic,Basic,59,False,False,10,43247,518964,59.0,1,0,562,150186,22,2.0,20.5,5.0,0.0,0,16.7,1.0,1.019,0.344
A-6c093d,Company_12,DevTools,US,2023-04-14,partner,Basic,7,True,False,12,16242,194904,19.75,2,0,670,217275,30,3.0,40.333333333333336,4.320851063829788,1.0,0,35.5,0.6666666666666666,0.1,2.3
A-462d45,Company_13,Cybersecurity,US,2024-01-15,partner,Enterprise,11,True,True,12,23432,281184,37.25,1,2,632,157051,26,4.0,26.75,3.985957446808511,0.0,1,26.4,0.75,0.179,0.692
A-956988,Company_14,EdTech,UK,2024-11-30,ads,Enterprise,1,False,True,13,29407,352884,29.76923076923077,0,1,658,173232,49,2.0,50.5,3.4906382978723407,0.0,1,15.9,0.5,2.161,0.583
A-ac14bb,Company_15,FinTech,US,2023-09-08,partner,Enterprise,21,False,True,8,27746,332952,31.25,2,0,531,170826,42,2.0,24.5,3.9906382978723407,0.0,1,30.7,0.5,0.112,1.094
A-463db0,Company_16,HealthTech,US,2024-12-05,partner,Basic,15,False,True,7,13266,159192,24.857142857142858,0,0,367,106259,13,6.0,50.16666666666666,4.1604255319148935,1.0,1,15.8,0.3333333333333333,1.385,1.08
A-ce66f8,Company_17,EdTech,CA,2023-08-23,event,Pro,29,False,False,6,11858,142296,30.33333333333333,0,0,494,133559,19,6.0,41.66666666666666,3.820851063829788,0.0,0,31.2,0.3333333333333333,0.091,3.75
A-c4ea60,Company_18,FinTech,DE,2023-03-09,other,Enterprise,18,False,False,9,14646,175752,25.77777777777778,0,1,427,137244,18,5.0,36.0,3.6,0.0,0,36.7,0.2,0.062,1.196
A-832ec2,Company_19,FinTech,UK,2023-11-19,event,Enterprise,4,True,True,8,9299,111588,16.5,3,0,511,157711,25,3.0,26.0,3.993758865248227,1.0,1,28.3,0.3333333333333333,0.113,1.075
A-684255,Company_20,FinTech,US,2024-04-14,ads,Enterprise,9,False,True,14,11844,142128,14.928571428571429,3,1,653,191849,44,4.0,14.25,4.49531914893617,1.0,1,23.5,0.25,0.249,1.037
A-c42f1f,Company_21,HealthTech,US,2024-07-28,other,Pro,8,False,False,8,5175,62100,13.125,1,1,337,98383,20,9.0,31.33333333333333,3.991678486997636,1.0,0,20.0,0.4444444444444444,0.212,0.64
A-4e44e8,Company_22,DevTools,US,2024-08-20,ads,Enterprise,3,False,True,14,36445,437340,24.857142857142858,2,0,687,208387,37,3.0,31.33333333333333,3.333333333333333,0.0,1,19.3,0.3333333333333333,0.511,0.455
A-30b4ca,Company_23,EdTech,IN,2024-05-20,organic,Basic,86,False,True,8,75938,911256,86.0,0,0,402,127433,22,3.0,57.66666666666666,3.9875177304964544,0.0,1,22.3,0.0,0.182,0.405
A-9f2731,Company_24,FinTech,IN,2024-10-04,event,Enterprise,1,False,True,7,3613,43356,24.0,0,1,324,98113,20,0.0,0.0,0.0,0.0,1,17.8,0.0,0.341,1.641
A-32fb14,Company_25,DevTools,US,2023-03-07,event,Enterprise,26,False,True,9,10162,121944,29.33333333333333,2,0,488,150708,19,5.0,34.0,4.188765957446809,0.0,1,36.8,0.6,0.066,0.609
A-00cac8,Company_26,HealthTech,AU,2023-09-15,organic,Enterprise,8,True,False,9,14121,169452,15.333333333333334,0,1,602,171366,31,2.0,33.0,3.981276595744681,0.0,0,30.5,1.0,0.121,1.119
A-35083d,Company_27,HealthTech,IN,2023-04-28,partner,Basic,19,False,False,16,32433,389196,25.8125,3,0,791,237055,37,4.0,49.75,4.74531914893617,0.0,0,35.1,0.75,0.114,1.158
A-eb7fac,Company_28,DevTools,US,2023-10-28,organic,Enterprise,7,False,True,10,42096,505152,32.4,0,0,538,185729,44,4.0,34.0,3.985957446808511,0.0,1,29.0,0.5,0.119,0.692
A-b20d99,Company_29,HealthTech,IN,2023-09-27,other,Basic,20,False,True,7,11069,132828,23.0,1,0,329,105214,12,2.0,61.5,3.5,0.0,1,30.1,0.0,0.069,0.0
A-396e5f,Company_30,Cybersecurity,CA,2024-10-02,other,Enterprise,2,False,True,10,10236,122832,17.6,2,1,540,175427,23,5.0,24.8,3.985021276595744,1.0,1,17.9,0.8,0.6,1.578
A-45ce7a,Company_31,FinTech,US,2023-07-23,ads,Enterprise,16,False,False,7,8216,98592,17.142857142857142,2,1,424,124978,30,5.0,45.4,3.792510638297872,0.0,0,32.2,0.0,0.074,0.8
A-08e34e,Company_32,EdTech,US,2024-06-27,event,Basic,14,False,True,11,21821,261852,31.09090909090909,0,0,651,186929,32,3.0,43.0,3.3270921985815605,0.0,1,21.1,0.3333333333333333,0.326,0.76
A-8145a0,Company_33,Cybersecurity,AU,2023-04-25,partner,Basic,2,True,True,12,17260,207120,16.416666666666668,2,0,693,200177,27,6.0,23.666666666666668,3.9906382978723407,0.0,1,35.2,0.3333333333333333,0.097,0.712
A-bad8c1,Company_34,FinTech,AU,2023-03-01,organic,Basic,7,False,True,7,7797,93564,31.857142857142858,2,0,385,125675,11,1.0,27.0,4.0,0.0,1,37.0,1.0,0.055,1.767
A-44dc83,Company_35,EdTech,FR,2024-05-12,other,Basic,5,False,True,4,456,5472,22.75,0,0,248,81119,13,7.0,40.85714285714285,4.4232218844984805,0.0,1,22.6,0.5714285714285714,0.103,0.316
A-f446b6,Company_36,DevTools,DE,2023-05-12,ads,Pro,5,True,False,9,11392,136704,16.444444444444443,0,0,376,127515,31,8.0,30.75,4.115638297872341,1.0,0,34.6,0.75,0.065,1.317
A-a45270,Company_37,HealthTech,US,2024-06-24,ads,Enterprise,3,False,True,12,20131,241572,23.25,2,1,733,222582,53,4.0,64.0,3.9906382978723407,0.0,1,21.2,0.75,0.358,0.939
A-854864,Company_38,FinTech,IN,2024-12-07,event,Enterprise,20,False,True,6,14759,177108,31.83333333333333,0,0,248,73517,10,5.0,44.2,4.8,0.0,1,15.7,0.4,1.0,1.348
A-1b7577,Company_39,Cybersecurity,US,2024-10-27,other,Pro,4,False,False,11,8771,105252,17.545454545454547,0,1,647,195598,33,5.0,27.2,3.996255319148936,0.0,0,17.0,0.6,0.892,1.513
A-05f0e5,Company_40,FinTech,US,2023-05-04,partner,Basic,32,False,True,12,51109,613308,45.083333333333336,2,0,706,207116,46,4.0,20.0,3.9953191489361695,0.0,1,34.9,0.5,0.102,2.191
A-9077b0,Company_41,HealthTech,US,2024-08-25,ads,Basic,2,False,False,7,3565,42780,17.142857142857142,3,0,479,144943,31,3.0,40.333333333333336,4.333333333333333,0.0,0,19.1,1.0,0.344,0.347
A-7f8241,Company_42,EdTech,US,2023-03-14,organic,Pro,34,False,False,15,39516,474192,35.86666666666667,2,0,734,227186,38,1.0,36.0,3.0,0.0,0,36.5,0.0,0.112,1.283
A-2bc93d,Company_43,HealthTech,US,2023-03-14,event,Basic,14,False,True,13,32394,388728,29.23076923076923,4,0,666,215735,31,2.0,12.0,4.5,0.0,1,36.5,0.5,0.094,0.832
A-f3ff05,Company_44,FinTech,IN,2024-07-06,other,Enterprise,2,False,True,13,19465,233580,15.923076923076923,1,0,672,210327,36,3.0,42.66666666666666,3.660425531914894,0.0,1,20.8,0.3333333333333333,0.36,0.651
A-2d4502,Company_45,FinTech,IN,2024-04-29,event,Basic,7,False,True,10,29071,348852,29.6,2,0,465,127997,19,3.0,26.33333333333333,4.6604255319148935,0.0,1,23.0,0.6666666666666666,0.187,0.317
A-6a4e2d,Company_46,EdTech,UK,2023-04-07,partner,Pro,9,False,True,11,10394,124728,23.818181818181817,2,1,597,172764,31,2.0,18.5,4.5,1.0,1,35.7,0.0,0.093,1.159
A-eb7c38,Company_47,DevTools,AU,2024-02-25,organic,Enterprise,5,False,True,15,38210,458520,28.8,3,1,693,203946,27,5.0,22.4,4.192510638297873,0.0,1,25.1,0.4,0.213,0.664
A-c37601,Company_48,EdTech,US,2024-10-31,partner,Basic,6,True,True,12,20475,245700,15.916666666666666,0,0,489,131835,21,4.0,42.25,3.7453191489361695,0.0,1,16.9,0.5,0.77,1.568
A-3b5cd1,Company_49,FinTech,US,2023-09-12,event,Basic,13,True,True,13,23676,284112,20.923076923076923,2,1,523,177958,24,5.0,27.4,3.988765957446809,0.0,1,30.6,0.4,0.101,1.273
A-b2225d,Company_50,FinTech,US,2024-03-08,ads,Basic,47,False,True,12,19088,229056,47.25,1,1,696,236693,60,2.0,42.0,3.4906382978723407,0.0,1,24.7,1.0,0.242,0.664
A-94f8c9,Company_51,HealthTech,US,2024-03-29,other,Basic,13,False,True,16,31989,383868,19.8125,2,1,746,204124,63,3.0,47.333333333333336,4.6604255319148935,0.0,1,24.0,0.6666666666666666,0.264,1.75
A-02fac6,Company_52,FinTech,US,2023-04-06,event,Pro,22,False,True,11,26410,316920,25.454545454545453,1,0,514,169854,34,6.0,23.33333333333333,3.9875177304964544,0.0,1,35.8,0.3333333333333333,0.08,2.404
A-c1dfe1,Company_53,DevTools,DE,2023-08-07,ads,Pro,26,False,True,8,25790,309480,28.75,1,2,375,127687,30,3.0,50.333333333333336,3.9875177304964544,0.0,1,31.7,0.6666666666666666,0.076,1.684
A-32728c,Company_54,DevTools,US,2023-01-03,event,Pro,20,False,True,8,4498,53976,22.75,1,0,418,115325,22,2.0,34.5,3.5,0.0,1,38.8,0.0,0.052,0.609
A-4c38bc,Company_55,HealthTech,UK,2024-03-09,event,Basic,36,False,False,16,48060,576720,36.0,2,0,818,271358,27,3.0,48.333333333333336,3.660425531914894,0.0,0,24.7,0.6666666666666666,0.256,0.855
A-1b707d,Company_56,Cybersecurity,US,2023-07-14,organic,Enterprise,1,False,True,8,9332,111984,16.25,1,0,399,110456,12,3.0,42.66666666666666,3.981276595744681,0.0,1,32.5,0.0,0.065,0.963
A-6f8ad2,Company_57,EdTech,IN,2024-07-09,organic,Basic,1,False,False,17,25928,311136,23.58823529411765,2,1,924,261489,59,4.0,35.25,4.24531914893617,0.0,0,20.7,0.5,0.497,0.59
A-4d1e75,Company_58,DevTools,US,2024-08-21,other,Basic,20,False,True,13,31390,376680,30.23076923076923,3,1,477,148106,25,2.0,15.0,4.0,0.0,1,19.3,0.0,0.364,0.671
A-9ee962,Company_59,HealthTech,US,2023-02-28,ads,Basic,9,False,True,9,9420,113040,15.333333333333334,3,1,439,120226,17,3.0,37.0,3.9875177304964544,0.0,1,37.0,0.3333333333333333,0.057,0.793
A-378b99,Company_60,EdTech,UK,2024-09-01,ads,Pro,8,True,True,12,12116,145392,22.666666666666668,1,1,565,187525,38,6.0,28.5,4.3270921985815605,0.0,1,18.9,0.16666666666666666,0.455,1.635
A-94d3da,Company_61,HealthTech,US,2023-05-03,other,Basic,41,False,True,12,22673,272076,41.0,1,0,464,150051,25,6.0,26.83333333333333,3.660425531914894,0.0,1,34.9,0.6666666666666666,0.076,1.545
A-e351e1,Company_62,EdTech,US,2024-09-26,other,Enterprise,33,False,True,5,3498,41976,33.0,0,0,295,102452,22,4.0,17.0,3.75,0.0,1,18.1,0.25,0.281,1.353
A-9badbd,Company_63,Cybersecurity,DE,2024-06-19,ads,Enterprise,5,True,False,13,32477,389724,34.92307692307692,0,0,723,218204,44,5.0,30.2,4.388765957446809,0.0,0,21.3,0.6,0.349,0.477
A-7e0a10,Company_64,FinTech,US,2023-11-18,ads,Enterprise,46,False,True,10,41116,493392,48.4,1,0,511,173162,35,5.0,39.4,3.988765957446809,0.0,1,28.4,1.0,0.12,1.356
A-118d55,Company_65,Cybersecurity,US,2024-10-22,organic,Basic,8,False,True,12,23919,287028,16.75,3,4,590,166586,33,5.0,24.2,4.192510638297873,0.0,1,17.2,0.2,0.771,0.966
A-526d93,Company_66,HealthTech,FR,2024-04-14,organic,Basic,43,False,True,9,39201,470412,43.888888888888886,2,0,565,159213,45,5.0,51.4,3.7887659574468087,1.0,1,23.5,0.6,0.211,1.641
A-f92792,Company_67,FinTech,US,2024-07-04,ads,Pro,1,False,True,14,18807,225684,14.428571428571429,1,1,528,149124,31,2.0,45.0,3.9906382978723407,0.0,1,20.8,0.0,0.278,1.488
A-84ebe4,Company_68,FinTech,US,2023-03-12,ads,Pro,18,True,True,11,27994,335928,29.63636363636364,0,0,396,123655,26,4.0,29.5,3.9906382978723407,0.0,1,36.6,0.25,0.061,1.386
A-5b4ebb,Company_69,Cybersecurity,UK,2024-07-10,other,Basic,21,True,False,13,27803,333636,28.307692307692307,1,0,692,196300,25,5.0,35.4,4.596255319148936,0.0,0,20.6,0.0,0.385,0.421
A-2922b6,Company_70,HealthTech,US,2024-11-14,organic,Basic,15,False,True,6,10669,128028,25.166666666666668,1,0,393,117237,13,2.0,15.5,3.9906382978723407,0.0,1,16.5,1.0,0.766,1.878
A-9b9fe9,Company_71,EdTech,AU,2023-09-28,other,Basic,5,False,True,12,19725,236700,27.58333333333333,0,1,597,196701,22,4.0,33.5,3.9953191489361695,0.0,1,30.0,0.5,0.122,1.061
A-a8b49c,Company_72,Cybersecurity,UK,2023-10-06,partner,Basic,7,False,True,12,11567,138804,14.833333333333334,1,0,545,183399,43,1.0,72.0,4.0,0.0,1,29.8,0.0,0.119,0.557
A-9174e0,Company_73,Cybersecurity,US,2024-12-04,partner,Basic,37,False,False,15,53976,647712,40.6,2,0,689,206138,61,2.0,39.0,4.490638297872341,0.0,0,15.8,0.5,2.444,0.724
A-a1bbb6,Company_74,DevTools,CA,2023-04-05,organic,Basic,1,False,False,8,14402,172824,14.125,0,0,366,118465,20,3.0,17.666666666666668,3.9875177304964544,0.0,0,35.8,1.0,0.057,2.9
A-c45b23,Company_75,FinTech,UK,2023-12-08,partner,Basic,5,False,True,12,8504,102048,10.916666666666666,0,0,581,181056,30,3.0,36.66666666666666,3.654184397163121,0.0,1,27.7,1.0,0.147,0.524
A-02cd81,Company_76,HealthTech,IN,2024-03-28,other,Basic,44,False,True,14,32956,395472,44.0,0,0,684,219304,28,3.0,17.333333333333332,4.3270921985815605,1.0,1,24.0,0.6666666666666666,0.245,0.429
A-ee42db,Company_77,EdTech,DE,2023-04-25,ads,Enterprise,13,False,True,12,11567,138804,26.25,1,1,511,150876,33,4.0,33.75,3.735957446808511,0.0,1,35.2,0.5,0.081,3.636
A-432483,Company_78,Cybersecurity,US,2023-02-06,ads,Pro,4,False,False,9,25813,309756,21.22222222222222,1,0,451,151460,28,1.0,51.0,3.981276595744681,0.0,0,37.7,1.0,0.062,1.277
A-9208f0,Company_79,EdTech,US,2023-05-11,organic,Pro,1,False,True,8,3511,42132,19.125,1,0,538,158701,31,8.0,41.25,3.7382978723404254,1.0,1,34.6,0.125,0.083,0.962
A-98a59a,Company_80,FinTech,UK,2023-08-04,partner,Enterprise,56,False,True,10,36456,437472,65.2,2,1,455,124429,21,3.0,37.333333333333336,4.3270921985815605,0.0,1,31.8,0.6666666666666666,0.083,0.82
A-fe79a5,Company_81,HealthTech,IN,2024-02-21,ads,Basic,9,True,False,10,13532,162384,11.4,2,0,335,96672,17,4.0,28.5,4.490638297872341,0.0,0,25.2,0.5,0.105,0.8
A-726cfa,Company_82,DevTools,US,2023-07-01,partner,Pro,11,False,True,19,34782,417384,21.05263157894737,2,0,993,281986,45,3.0,35.666666666666664,3.993758865248227,0.0,1,33.0,0.6666666666666666,0.16,0.926
A-c43359,Company_83,FinTech,US,2024-11-16,organic,Pro,38,False,True,8,12312,147744,38.0,2,1,461,147051,32,3.0,26.666666666666668,3.9875177304964544,0.0,1,16.4,1.0,1.044,2.171
A-271f46,Company_84,DevTools,US,2023-02-09,event,Pro,38,False,True,8,19604,235248,39.0,0,0,373,114563,16,1.0,36.0,3.981276595744681,0.0,1,37.6,0.0,0.054,3.824
A-157070,Company_85,FinTech,US,2023-11-09,ads,Pro,16,False,True,16,27506,330072,24.75,2,1,696,186928,26,3.0,42.333333333333336,3.654184397163121,1.0,1,28.6,0.3333333333333333,0.167,0.437
A-40a557,Company_86,Cybersecurity,AU,2023-12-03,partner,Pro,16,True,True,9,23324,279888,21.55555555555556,1,0,402,114217,17,7.0,30.571428571428573,3.8464437689969606,0.0,1,27.9,0.5714285714285714,0.099,0.464
A-66224b,Company_87,HealthTech,US,2024-10-18,other,Pro,92,True,False,12,69184,830208,93.58333333333331,0,0,626,185229,29,6.0,39.833333333333336,3.5,0.0,0,17.3,0.5,0.797,0.315
A-91e948,Company_88,EdTech,AU,2023-01-29,partner,Basic,41,False,False,7,21894,262728,41.0,2,0,404,115260,16,0.0,0.0,0.0,0.0,0,38.0,0.0,0.057,1.111
A-104f1a,Company_89,Cybersecurity,US,2024-08-17,other,Pro,24,False,True,8,12617,151404,42.25,0,0,438,156949,22,5.0,33.2,3.796255319148936,1.0,1,19.4,0.2,0.316,2.407
A-7988d1,Company_90,Cybersecurity,US,2023-12-20,other,Basic,33,False,True,9,10692,128304,39.55555555555556,0,0,449,138265,28,3.0,35.333333333333336,4.333333333333333,0.0,1,27.3,0.6666666666666666,0.119,1.452
A-faa28c,Company_91,HealthTech,US,2024-01-30,organic,Enterprise,48,False,True,14,58404,700848,49.285714285714285,3,0,585,162007,24,4.0,52.25,4.49531914893617,1.0,1,26.0,0.5,0.17,2.093
A-f25509,Company_92,EdTech,US,2024-03-22,other,Enterprise,32,False,True,5,16122,193464,40.0,0,1,229,73603,15,6.0,42.66666666666666,4.323971631205674,0.0,1,24.2,0.6666666666666666,0.074,0.75
A-3a7284,Company_93,FinTech,US,2024-11-17,organic,Enterprise,31,False,True,12,35519,426228,36.0,1,2,609,191562,30,3.0,56.333333333333336,3.660425531914894,0.0,1,16.4,1.0,1.341,1.094
A-3a5ad8,Company_94,HealthTech,US,2023-12-05,organic,Enterprise,9,True,False,13,28701,344412,25.23076923076923,1,1,506,127878,23,4.0,44.75,4.240638297872341,0.0,0,27.8,1.0,0.13,0.539
A-65a46c,Company_95,HealthTech,US,2023-11-04,event,Pro,1,False,False,8,22675,272100,31.0,2,0,370,115219,21,8.0,45.125,3.992978723404256,0.0,0,28.8,0.75,0.085,1.5
A-8b25f2,Company_96,Cybersecurity,US,2024-02-17,ads,Pro,6,False,False,13,14048,168576,16.0,1,2,565,159394,20,2.0,35.5,4.0,0.0,0,25.4,0.0,0.164,1.041
A-fabe19,Company_97,DevTools,UK,2024-11-11,ads,Enterprise,1,False,False,7,20497,245964,19.571428571428573,2,0,337,112966,16,3.0,40.66666666666666,3.9875177304964544,0.0,0,16.6,1.0,0.64,1.256
A-adc1f3,Company_98,Cybersecurity,US,2024-08-05,organic,Pro,2,False,False,9,26608,319296,17.555555555555557,0,0,334,120133,26,3.0,47.333333333333336,3.660425531914894,0.0,0,19.8,0.6666666666666666,0.243,2.7
A-503d5a,Company_99,FinTech,US,2023-10-21,other,Enterprise,4,False,False,12,17884,214608,20.58333333333333,0,1,605,211565,32,9.0,36.55555555555556,3.9875177304964544,0.0,0,29.3,0.4444444444444444,0.13,3.659
A-fd7ad3,Company_100,Cybersecurity,US,2024-11-01,event,Enterprise,1,False,True,10,3831,45972,11.5,2,0,567,171957,42,8.0,48.75,4.12031914893617,1.0,1,16.9,0.5,0.867,0.667
A-186a44,Company_101,HealthTech,US,2023-08-07,ads,Enterprise,20,False,False,14,20989,251868,22.214285714285715,1,1,614,205539,25,7.0,38.285714285714285,3.706261398176292,0.0,0,31.7,0.7142857142857143,0.111,1.034
A-e888d1,Company_102,Cybersecurity,US,2023-03-28,other,Pro,14,False,True,11,13646,163752,22.727272727272727,1,0,552,158087,36,5.0,43.0,3.992510638297873,1.0,1,36.1,0.6,0.081,0.744
A-69fad4,Company_103,FinTech,UK,2023-04-06,ads,Basic,6,False,True,7,8721,104652,16.0,0,0,412,124646,24,4.0,43.0,3.7453191489361695,0.0,1,35.8,0.25,0.058,2.364
A-9289f6,Company_104,EdTech,US,2023-05-31,event,Enterprise,1,False,True,12,13096,157152,21.666666666666668,2,0,642,200375,38,6.0,37.5,4.157304964539008,0.0,1,34.0,0.5,0.109,0.935
A-f19409,Company_105,DevTools,US,2023-03-16,other,Basic,23,False,True,12,34136,409632,28.5,2,0,659,209812,31,3.0,6.333333333333333,3.9875177304964544,0.0,1,36.5,0.3333333333333333,0.09,1.226
A-22f2df,Company_106,DevTools,US,2024-12-14,ads,Basic,3,False,False,9,7451,89412,17.22222222222222,1,1,429,119127,17,5.0,44.8,4.185021276595744,0.0,0,15.5,1.0,2.353,1.071
A-039727,Company_107,EdTech,AU,2024-11-02,organic,Pro,25,False,True,15,36420,437040,27.933333333333334,3,2,768,249545,32,0.0,0.0,0.0,0.0,1,16.9,0.0,1.169,0.478
A-2e3bad,Company_108,FinTech,CA,2023-08-13,other,Pro,61,False,True,10,45872,550464,61.0,0,0,435,123738,26,5.0,31.4,3.7887659574468087,0.0,1,31.5,0.4,0.085,0.889
A-484819,Company_109,HealthTech,US,2023-02-21,organic,Pro,18,False,True,8,20604,247248,19.5,3,0,336,116076,20,5.0,33.2,4.188765957446809,0.0,1,37.2,0.6,0.049,0.405
A-425e76,Company_110,DevTools,UK,2023-05-17,other,Enterprise,8,False,True,11,17111,205332,24.454545454545453,1,0,438,136419,24,5.0,48.2,3.5925106382978726,1.0,1,34.4,0.6,0.079,0.682
A-e83938,Company_111,DevTools,UK,2023-11-21,other,Pro,2,True,True,8,7503,90036,16.25,2,0,266,87249,18,4.0,31.0,3.735957446808511,0.0,1,28.3,0.0,0.076,0.545
A-ad296b,Company_112,DevTools,AU,2024-07-15,event,Pro,38,False,False,6,18430,221160,38.0,0,0,294,103805,12,3.0,28.33333333333333,3.6666666666666665,1.0,0,20.5,0.6666666666666666,0.178,1.161
A-e51ec7,Company_113,FinTech,CA,2023-09-23,partner,Enterprise,2,False,True,8,24076,288912,16.75,2,1,417,126745,18,3.0,37.0,4.320851063829788,0.0,1,30.2,0.3333333333333333,0.084,1.269
A-0aaf6e,Company_114,FinTech,US,2024-05-11,organic,Enterprise,3,False,False,9,24084,289008,23.88888888888889,0,0,599,172442,39,5.0,45.0,3.988765957446809,0.0,0,22.6,0.2,0.235,1.902
A-e61e98,Company_115,FinTech,US,2023-10-20,partner,Enterprise,19,False,True,9,13484,161808,26.444444444444443,2,0,527,131994,25,6.0,30.33333333333333,4.496879432624113,1.0,1,29.3,0.3333333333333333,0.121,0.114
A-92a333,Company_116,FinTech,US,2023-03-24,event,Enterprise,9,False,False,6,10659,127908,23.5,0,1,364,103645,30,4.0,23.25,3.981276595744681,1.0,0,36.2,0.25,0.056,1.612
A-95b24a,Company_117,FinTech,US,2023-06-06,event,Pro,38,False,False,11,25034,300408,39.27272727272727,4,1,611,188856,34,5.0,21.2,4.1962553191489365,0.0,0,33.8,0.8,0.103,2.8
A-42e5e1,Company_118,DevTools,US,2024-07-09,ads,Pro,1,False,True,7,8916,106992,18.428571428571427,1,1,411,116704,41,3.0,29.0,4.0,0.0,1,20.7,0.6666666666666666,0.223,1.535
A-7d514c,Company_119,HealthTech,DE,2024-02-03,organic,Enterprise,17,False,False,9,24274,291288,22.22222222222222,2,0,502,146707,30,3.0,33.333333333333336,4.320851063829788,0.0,0,25.8,0.6666666666666666,0.142,1.02
A-65aeb5,Company_120,DevTools,US,2024-01-25,partner,Pro,9,False,True,12,34392,412704,19.75,0,1,533,148034,40,2.0,42.5,4.490638297872341,0.0,1,26.1,0.5,0.155,0.903
A-e2cd1b,Company_121,DevTools,US,2024-02-04,other,Enterprise,15,False,False,9,12548,150576,33.55555555555556,1,0,465,138043,18,5.0,37.8,3.996255319148936,0.0,0,25.8,0.6,0.145,1.017
A-180abf,Company_122,DevTools,US,2023-08-14,event,Pro,64,False,True,9,37312,447744,64.0,2,0,499,136250,28,3.0,36.333333333333336,3.654184397163121,0.0,1,31.5,0.0,0.093,0.597
A-f17767,Company_123,DevTools,US,2023-01-30,event,Enterprise,1,True,True,14,16139,193668,13.642857142857142,3,1,713,208977,38,3.0,36.333333333333336,3.993758865248227,1.0,1,37.9,0.6666666666666666,0.096,0.52
A-5a184f,Company_124,DevTools,DE,2023-06-19,other,Enterprise,1,False,True,10,20683,248196,26.6,0,1,587,175629,29,3.0,15.333333333333334,4.333333333333333,0.0,1,33.3,0.3333333333333333,0.098,1.706
A-7df7a7,Company_125,DevTools,US,2023-01-28,organic,Basic,7,False,True,15,29155,349860,19.266666666666666,0,2,922,256811,47,3.0,28.0,4.0,1.0,1,38.0,1.0,0.122,1.387
A-1ac5e0,Company_126,DevTools,US,2024-10-20,event,Basic,33,False,False,10,18249,218988,33.0,0,0,558,167904,31,7.0,40.42857142857143,3.851793313069909,0.0,0,17.3,0.5714285714285714,0.722,0.984
A-52dd88,Company_127,Cybersecurity,US,2023-02-21,ads,Pro,23,False,False,11,16592,199104,24.63636363636364,1,0,516,180823,33,1.0,72.0,3.981276595744681,0.0,0,37.2,0.0,0.072,1.109
A-bece89,Company_128,Cybersecurity,IN,2023-12-01,event,Pro,26,False,True,6,19250,231000,28.33333333333333,1,0,176,48112,13,4.0,32.5,3.9953191489361695,1.0,1,27.9,0.5,0.045,2.316
A-029f69,Company_129,Cybersecurity,CA,2024-03-07,event,Basic,3,False,True,16,14638,175656,13.75,2,0,789,241275,42,2.0,42.0,3.4906382978723407,0.0,1,24.7,0.5,0.268,0.345
A-5c046d,Company_130,EdTech,FR,2024-07-06,partner,Basic,93,False,False,8,83886,1006632,93.0,0,0,475,127926,23,1.0,13.0,3.0,0.0,0,20.8,0.0,0.247,1.5
A-fb186e,Company_131,EdTech,IN,2024-10-27,organic,Basic,29,False,False,3,5771,69252,30.33333333333333,0,0,207,72170,7,6.0,26.166666666666668,3.823971631205674,0.0,0,17.0,0.3333333333333333,0.292,0.778
A-ae052e,Company_132,FinTech,CA,2023-09-11,other,Basic,39,False,True,6,7693,92316,39.16666666666666,1,1,300,88383,12,4.0,31.25,3.9906382978723407,0.0,1,30.6,0.5,0.059,1.929
A-9f9299,Company_133,FinTech,US,2023-09-02,organic,Enterprise,28,True,True,15,42403,508836,30.466666666666665,0,0,830,258465,54,5.0,36.2,4.185021276595745,0.0,1,30.9,0.4,0.167,0.837
A-96e141,Company_134,DevTools,UK,2023-08-12,partner,Basic,14,False,True,7,15468,185616,24.571428571428573,0,0,346,81587,19,5.0,32.8,4.192510638297873,0.0,1,31.6,0.6,0.071,1.184
A-117171,Company_135,HealthTech,FR,2024-09-12,organic,Basic,45,False,True,5,12015,144180,45.0,0,1,208,59864,11,6.0,32.5,3.823971631205674,1.0,1,18.5,0.3333333333333333,0.191,0.357
A-313be3,Company_136,EdTech,US,2023-11-15,partner,Enterprise,47,True,True,11,19006,228072,47.81818181818182,1,0,560,164545,40,4.0,22.5,4.235957446808511,1.0,1,28.4,0.75,0.136,0.953
A-671f31,Company_137,DevTools,US,2024-11-24,ads,Basic,59,False,False,6,30385,364620,62.833333333333336,0,1,167,43449,16,7.0,33.0,4.137507598784195,0.0,0,16.1,0.7142857142857143,0.459,0.543
A-bbc346,Company_138,FinTech,US,2024-08-29,partner,Enterprise,19,False,True,13,33122,397464,25.76923076923077,3,2,650,179376,37,3.0,45.333333333333336,4.3270921985815605,0.0,1,19.0,0.3333333333333333,0.484,0.691
A-c16101,Company_139,EdTech,IN,2024-09-06,other,Basic,7,False,True,10,12422,149064,15.8,1,1,561,185984,29,4.0,28.0,4.235957446808511,1.0,1,18.7,1.0,0.457,1.544
A-50f3f7,Company_140,HealthTech,US,2023-12-22,partner,Basic,31,False,False,15,44077,528924,39.0,0,2,685,206893,45,6.0,37.833333333333336,4.490638297872341,1.0,0,27.2,0.3333333333333333,0.184,1.817
A-7da956,Company_141,Cybersecurity,US,2024-06-02,event,Pro,13,True,False,12,10963,131556,14.916666666666666,1,2,543,150431,35,3.0,32.666666666666664,4.320851063829788,0.0,0,21.9,0.3333333333333333,0.241,0.966
A-019782,Company_142,DevTools,FR,2023-04-19,event,Enterprise,11,False,False,9,8353,100236,13.666666666666666,1,0,562,160848,30,2.0,10.0,3.4906382978723407,0.0,0,35.3,1.0,0.088,0.577
A-df10db,Company_143,DevTools,US,2023-06-06,other,Enterprise,2,True,True,11,11730,140760,17.09090909090909,2,0,697,214976,40,2.0,68.5,3.0,1.0,1,33.8,0.0,0.108,0.552
A-3932db,Company_144,HealthTech,CA,2023-10-04,other,Pro,19,True,False,9,14087,169044,29.88888888888889,2,1,434,134963,28,6.0,41.0,4.157304964539008,0.0,0,29.8,0.5,0.099,1.286
A-4f18f0,Company_145,DevTools,CA,2024-04-21,other,Pro,24,True,True,12,30264,363168,27.08333333333333,0,1,544,168051,25,5.0,39.2,3.996255319148936,0.0,1,23.3,0.4,0.224,1.242
A-4c6f11,Company_146,FinTech,CA,2023-11-27,organic,Pro,24,True,True,5,7586,91032,26.8,0,1,268,84855,4,3.0,44.66666666666666,4.333333333333333,0.0,1,28.1,1.0,0.06,1.333
A-8ae05d,Company_147,FinTech,IN,2024-04-06,other,Enterprise,86,False,True,7,26230,314760,86.0,0,0,203,77446,10,1.0,47.0,4.0,0.0,1,23.8,1.0,0.074,3.917
A-b78bf8,Company_148,DevTools,US,2024-11-15,event,Pro,33,False,True,8,22423,269076,35.0,1,1,421,123802,11,5.0,24.2,4.2,0.0,1,16.4,0.6,0.826,0.939
A-eafc6e,Company_149,DevTools,US,2023-07-06,partner,Pro,27,False,True,7,16229,194748,36.0,0,0,300,90218,15,1.0,64.0,3.981276595744681,0.0,1,32.8,0.0,0.057,0.808
A-37f969,Company_150,HealthTech,IN,2023-10-14,partner,Enterprise,30,False,True,8,22959,275508,32.625,2,0,312,107852,14,5.0,22.2,3.792510638297872,1.0,1,29.5,0.4,0.07,0.681
A-10b8f2,Company_151,HealthTech,DE,2023-01-11,organic,Basic,47,True,True,12,30719,368628,52.66666666666666,1,0,560,173183,23,3.0,46.333333333333336,4.333333333333333,0.0,1,38.6,0.3333333333333333,0.075,0.728
A-439b2f,Company_152,DevTools,US,2024-02-21,ads,Enterprise,1,False,True,6,1796,21552,11.0,1,0,171,54271,5,3.0,18.33333333333333,3.981276595744681,0.0,1,25.2,0.6666666666666666,0.061,0.9
A-544d0a,Company_153,DevTools,US,2024-05-02,organic,Basic,2,True,False,10,18492,221904,17.1,1,2,510,152826,22,2.0,38.5,4.0,1.0,0,22.9,0.5,0.185,1.958
A-ba6516,Company_154,FinTech,US,2023-10-29,ads,Pro,27,False,True,13,28379,340548,30.615384615384617,1,3,642,213554,32,6.0,31.5,3.993758865248227,0.0,1,29.0,0.16666666666666666,0.131,0.445
A-712426,Company_155,HealthTech,US,2024-11-10,other,Enterprise,9,False,True,15,11197,134364,22.866666666666667,2,0,686,212631,30,6.0,37.333333333333336,4.330212765957447,0.0,1,16.6,0.3333333333333333,1.314,0.496
A-038089,Company_156,DevTools,FR,2023-12-19,other,Pro,5,False,True,3,2104,25248,15.333333333333334,0,0,210,63673,15,6.0,30.166666666666668,3.823971631205674,0.0,1,27.3,0.3333333333333333,0.05,0.265
A-afa505,Company_157,DevTools,US,2023-12-27,partner,Basic,70,True,True,9,66010,792120,70.0,2,1,507,162673,28,4.0,37.25,3.4906382978723407,1.0,1,27.1,0.5,0.13,1.979
A-d5a319,Company_158,FinTech,US,2023-05-04,other,Enterprise,15,False,False,12,37847,454164,24.416666666666668,3,2,604,212655,43,1.0,17.0,4.0,1.0,0,34.9,0.0,0.094,2.268
A-f97b9a,Company_159,FinTech,US,2023-07-09,event,Pro,16,False,False,11,23833,285996,27.272727272727277,1,0,561,173241,33,7.0,31.714285714285715,3.8464437689969606,0.0,0,32.7,0.42857142857142855,0.096,1.544
A-2f6a32,Company_160,HealthTech,US,2024-08-26,organic,Basic,19,False,False,11,7513,90156,23.181818181818183,1,0,654,207283,46,2.0,41.0,3.5,0.0,0,19.1,0.0,0.48,0.52
A-856b1e,Company_161,FinTech,US,2023-10-31,partner,Basic,19,False,False,6,6321,75852,24.666666666666668,1,0,230,63418,24,5.0,36.0,3.981276595744681,1.0,0,28.9,0.0,0.054,1.22
A-17939a,Company_162,HealthTech,US,2024-12-26,organic,Basic,1,False,False,11,9669,116028,28.181818181818183,0,0,440,121725,43,7.0,38.0,4.277689969604864,0.0,0,15.1,0.7142857142857143,9.2,0.709
A-d27f50,Company_163,Cybersecurity,UK,2024-07-20,ads,Enterprise,44,False,False,12,44815,537780,44.41666666666666,1,0,481,170101,31,4.0,37.5,3.75,0.0,0,20.3,0.5,0.293,2.714
A-e36807,Company_164,EdTech,AU,2024-05-17,other,Pro,6,False,False,10,12569,150828,31.6,0,0,446,140849,27,2.0,41.0,4.5,0.0,0,22.4,0.5,0.211,4.045
A-ff79f2,Company_165,DevTools,US,2024-04-25,ads,Basic,8,False,False,9,27873,334476,30.55555555555556,2,0,393,133848,12,2.0,50.0,3.981276595744681,0.0,0,23.1,0.0,0.164,1.885
A-5b1bcd,Company_166,DevTools,US,2023-09-16,organic,Pro,73,False,True,15,133298,1599576,73.0,3,0,869,251284,54,4.0,43.25,4.240638297872341,0.0,1,30.4,0.75,0.167,1.237
A-71615e,Company_167,EdTech,US,2024-05-18,organic,Basic,15,False,True,13,40713,488556,31.923076923076923,3,0,620,194799,41,1.0,49.0,3.981276595744681,0.0,1,22.4,0.0,0.26,0.842
A-794a0b,Company_168,HealthTech,DE,2023-06-02,organic,Basic,23,False,True,7,10575,126900,25.857142857142858,0,0,347,94200,31,0.0,0.0,0.0,0.0,1,33.9,0.0,0.062,1.704
A-86902e,Company_169,HealthTech,IN,2023-05-02,other,Enterprise,34,False,True,10,36041,432492,36.7,2,0,628,202329,36,9.0,40.888888888888886,3.767375886524823,0.0,1,34.9,0.4444444444444444,0.097,1.066
A-0532a9,Company_170,FinTech,IN,2024-09-25,event,Pro,19,False,True,10,15161,181932,20.9,4,1,519,157792,30,8.0,30.75,3.858617021276596,0.0,1,18.1,0.125,0.546,1.116
A-9779ad,Company_171,Cybersecurity,AU,2024-03-29,event,Pro,40,True,True,10,51680,620160,40.0,0,0,413,109079,25,3.0,20.666666666666668,4.320851063829788,0.0,1,24.0,0.6666666666666666,0.155,1.579
A-f45426,Company_172,HealthTech,US,2024-08-05,organic,Basic,9,False,True,11,17289,207468,19.818181818181817,0,3,624,191651,49,3.0,17.0,3.9875177304964544,0.0,1,19.8,0.6666666666666666,0.392,1.352
A-c1e51e,Company_173,FinTech,US,2024-10-02,organic,Basic,3,False,True,10,23905,286860,23.5,1,1,518,152228,36,5.0,40.0,3.2,0.0,1,17.9,1.0,0.544,1.471
A-fa3095,Company_174,FinTech,US,2023-09-03,ads,Basic,70,False,True,12,69230,830760,70.0,0,0,600,202100,42,5.0,49.2,4.388765957446809,0.0,1,30.8,0.6,0.113,1.091
A-ad64c6,Company_175,DevTools,UK,2024-02-23,event,Pro,12,False,True,6,14708,176496,24.33333333333333,0,0,215,79605,18,4.0,34.0,4.235957446808511,0.0,1,25.2,0.5,0.061,0.765
A-39b19f,Company_176,FinTech,US,2023-02-03,partner,Enterprise,1,False,True,11,21237,254844,30.818181818181817,1,1,530,135061,37,6.0,47.833333333333336,4.1604255319148935,1.0,1,37.8,0.5,0.075,0.236
A-56962b,Company_177,EdTech,UK,2024-04-09,partner,Enterprise,163,False,True,7,54605,655260,163.0,1,0,271,81944,25,4.0,37.5,3.735957446808511,0.0,1,23.7,0.25,0.105,1.966
A-e60f9d,Company_178,FinTech,US,2024-08-26,other,Basic,29,False,False,15,50817,609804,36.13333333333333,0,2,629,158587,24,2.0,70.5,3.981276595744681,0.0,0,19.1,1.0,0.488,0.689
A-88c6ca,Company_179,FinTech,DE,2024-10-25,ads,Basic,5,False,False,7,6449,77388,16.0,0,0,446,130195,19,1.0,56.0,3.981276595744681,0.0,0,17.1,1.0,0.612,0.817
A-158f4e,Company_180,FinTech,IN,2023-03-03,other,Enterprise,61,False,True,12,43859,526308,61.0,0,0,453,124458,29,5.0,27.6,4.192510638297873,0.0,1,36.9,0.6,0.072,0.6
A-5b051a,Company_181,Cybersecurity,US,2024-08-05,event,Enterprise,22,False,False,4,2332,27984,22.0,0,0,171,44864,17,1.0,2.0,3.0,0.0,0,19.8,1.0,0.108,2.042
A-296d7c,Company_182,DevTools,DE,2023-11-08,other,Enterprise,2,False,True,7,1989,23868,10.714285714285714,0,0,357,124753,18,5.0,50.4,3.796255319148936,0.0,1,28.7,0.4,0.074,0.61
A-1619f8,Company_183,DevTools,US,2024-05-20,organic,Pro,29,False,True,7,19790,237480,32.714285714285715,1,0,432,142787,26,3.0,42.0,4.320851063829788,0.0,1,22.3,0.3333333333333333,0.182,0.425
A-a1b80b,Company_184,HealthTech,US,2023-11-27,organic,Basic,16,False,True,16,34589,415068,21.8125,3,1,749,222610,48,4.0,41.0,3.9953191489361695,0.0,1,28.1,0.25,0.178,2.449
A-139c3b,Company_185,HealthTech,US,2024-11-21,organic,Enterprise,10,True,False,8,9027,108324,21.75,1,0,478,150601,16,9.0,28.444444444444443,4.2118203309692674,0.0,0,16.2,0.4444444444444444,1.1,1.541
A-702032,Company_186,HealthTech,US,2023-10-03,ads,Pro,28,False,True,6,8540,102480,28.0,1,0,276,86952,14,4.0,26.0,3.4906382978723407,0.0,1,29.9,0.25,0.053,1.097
A-7a0d69,Company_187,DevTools,DE,2024-06-15,ads,Enterprise,4,True,True,11,10362,124344,15.818181818181818,2,0,606,179167,31,2.0,29.0,4.490638297872341,0.0,1,21.5,1.0,0.302,0.596
A-22d9d2,Company_188,DevTools,FR,2024-03-22,event,Pro,8,False,True,14,18746,224952,23.142857142857142,2,1,782,239679,43,6.0,16.0,3.993758865248227,1.0,1,24.2,0.6666666666666666,0.261,1.126
A-b9eed8,Company_189,Cybersecurity,US,2024-02-23,organic,Basic,11,False,True,11,16577,198924,15.727272727272728,0,3,623,168474,55,5.0,29.2,3.796255319148936,1.0,1,25.2,0.4,0.186,1.051
A-dfbd31,Company_190,DevTools,UK,2023-12-04,partner,Enterprise,14,False,True,14,25079,300948,25.928571428571427,1,1,599,182273,19,6.0,29.666666666666668,4.1604255319148935,0.0,1,27.8,0.5,0.127,0.331
A-8e47ca,Company_191,HealthTech,US,2024-02-15,organic,Pro,19,False,True,9,28120,337440,21.11111111111111,1,0,441,133497,35,5.0,33.4,3.988765957446809,1.0,1,25.4,0.6,0.138,0.353
A-4437e4,Company_192,Cybersecurity,US,2023-09-16,event,Enterprise,3,False,True,16,17831,213972,14.0625,4,1,806,260271,43,6.0,34.666666666666664,3.654184397163121,2.0,1,30.4,0.5,0.172,0.68
A-779e4e,Company_193,HealthTech,US,2023-01-02,organic,Basic,5,False,False,10,28081,336972,28.9,2,1,393,111038,20,5.0,26.6,3.996255319148936,0.0,0,38.9,0.8,0.056,0.389
A-53f4e3,Company_194,Cybersecurity,UK,2024-06-14,event,Enterprise,13,False,True,10,15072,180864,25.8,0,0,410,127529,45,5.0,28.6,3.992510638297873,0.0,1,21.5,1.0,0.21,0.784
A-692f18,Company_195,EdTech,US,2024-03-28,other,Basic,5,True,True,17,30550,366600,15.882352941176473,2,1,871,261911,55,2.0,37.5,4.490638297872341,0.0,1,24.0,0.5,0.299,1.011
A-13466a,Company_196,DevTools,AU,2023-10-22,event,Basic,2,False,True,6,13343,160116,23.666666666666668,0,0,205,57539,14,3.0,32.333333333333336,4.333333333333333,1.0,1,29.2,0.6666666666666666,0.05,38.0
A-1986ca,Company_197,HealthTech,IN,2023-01-30,ads,Pro,20,False,False,7,27661,331932,22.714285714285715,1,0,362,102382,23,7.0,36.57142857142857,3.5660790273556238,0.0,0,37.9,0.7142857142857143,0.05,0.627
A-0cc442,Company_198,EdTech,US,2024-07-18,organic,Basic,45,False,True,13,61935,743220,49.61538461538461,3,1,765,230759,41,3.0,37.0,3.654184397163121,0.0,1,20.4,0.3333333333333333,0.44,1.115
A-c608c8,Company_199,DevTools,DE,2023-04-27,ads,Pro,3,False,True,8,9514,114168,17.0,1,1,445,144345,27,2.0,59.0,3.4906382978723407,0.0,1,35.1,0.0,0.065,1.489
A-3be56b,Company_200,HealthTech,IN,2023-10-26,event,Pro,3,False,True,12,17040,204480,22.58333333333333,1,1,528,169908,33,4.0,40.25,3.5,0.0,1,29.1,0.0,0.125,0.812
A-354f12,Company_201,FinTech,US,2024-04-28,ads,Pro,1,True,True,4,8889,106668,12.75,0,1,158,48510,3,2.0,56.5,3.981276595744681,0.0,1,23.0,0.0,0.061,67.0
A-68f37c,Company_202,HealthTech,US,2023-07-15,ads,Basic,4,False,True,12,32270,387240,31.916666666666668,3,0,624,202756,40,5.0,20.2,3.985021276595744,0.0,1,32.5,0.4,0.12,0.686
A-aa9511,Company_203,DevTools,US,2023-10-10,other,Pro,23,True,True,15,60970,731640,34.0,0,1,625,189526,35,2.0,56.5,3.9906382978723407,0.0,1,29.6,1.0,0.141,1.508
A-af0cd2,Company_204,Cybersecurity,IN,2023-01-03,other,Enterprise,19,True,True,11,6460,77520,25.818181818181817,1,0,687,225366,33,3.0,54.333333333333336,3.981276595744681,0.0,1,38.8,0.3333333333333333,0.092,2.902
A-bd4513,Company_205,DevTools,AU,2024-11-06,event,Enterprise,50,True,True,12,52204,626448,51.333333333333336,2,0,507,157547,34,3.0,42.0,4.666666666666667,0.0,1,16.7,0.3333333333333333,0.836,1.013
A-c222ab,Company_206,Cybersecurity,US,2024-05-10,other,Pro,32,False,True,7,18656,223872,32.0,1,0,435,133441,33,4.0,39.0,4.235957446808511,0.0,1,22.6,0.5,0.191,1.771
A-34d880,Company_207,Cybersecurity,AU,2024-04-11,ads,Enterprise,4,False,True,9,20964,251568,19.11111111111111,0,0,474,144424,40,5.0,52.2,3.0,0.0,1,23.6,0.2,0.178,1.4
A-508199,Company_208,FinTech,AU,2024-01-28,event,Basic,19,False,False,5,8436,101232,20.6,0,0,231,80389,15,3.0,50.66666666666666,3.654184397163121,0.0,0,26.0,0.3333333333333333,0.068,1.263
A-f03140,Company_209,DevTools,IN,2023-11-22,event,Pro,27,True,True,10,21075,252900,28.2,1,1,595,196965,22,7.0,36.0,3.84644376899696,0.0,1,28.2,0.42857142857142855,0.138,1.242
A-410e86,Company_210,FinTech,US,2024-11-10,organic,Basic,24,False,False,7,15960,191520,25.285714285714285,0,0,292,107443,21,5.0,42.6,3.7887659574468087,0.0,0,16.6,0.2,0.569,0.9
A-fa2041,Company_211,HealthTech,US,2024-05-29,organic,Pro,15,True,True,12,20915,250980,21.83333333333333,0,0,552,157263,34,1.0,16.0,3.0,0.0,1,22.0,0.0,0.269,3.556
A-de58ca,Company_212,HealthTech,DE,2023-04-13,organic,Enterprise,15,False,False,11,23905,286860,38.18181818181818,0,0,505,141942,33,5.0,30.6,3.5925106382978726,0.0,0,35.5,0.2,0.075,1.105
A-05d3b3,Company_213,DevTools,AU,2023-05-28,ads,Basic,9,True,True,13,12610,151320,17.923076923076923,0,0,642,193363,22,6.0,31.5,4.157304964539008,0.0,1,34.1,0.5,0.106,0.389
A-249769,Company_214,Cybersecurity,US,2024-04-25,event,Enterprise,4,False,True,13,15717,188604,13.23076923076923,0,0,678,193777,30,2.0,39.5,4.0,0.0,1,23.1,0.5,0.26,1.232
A-e43bf7,Company_215,Cybersecurity,AU,2023-03-24,other,Pro,44,False,True,7,46666,559992,47.71428571428572,3,0,371,103455,35,5.0,27.4,3.992510638297873,1.0,1,36.2,0.4,0.062,2.111
A-eb2fdc,Company_216,DevTools,AU,2023-11-21,organic,Enterprise,31,False,True,12,31968,383616,33.5,0,0,547,174663,17,5.0,33.6,4.396255319148937,0.0,1,28.3,0.0,0.123,0.965
A-e1462e,Company_217,FinTech,UK,2023-03-12,partner,Basic,15,False,True,7,12030,144360,23.285714285714285,1,1,347,98097,22,2.0,39.5,3.5,0.0,1,36.6,1.0,0.053,0.52
A-cab532,Company_218,DevTools,FR,2023-04-03,organic,Pro,11,True,True,15,20088,241056,24.0,2,1,1005,273639,47,1.0,32.0,4.0,0.0,1,35.9,0.0,0.15,0.871
A-9123ac,Company_219,Cybersecurity,DE,2023-06-20,organic,Pro,9,False,True,7,14751,177012,16.285714285714285,0,1,386,120014,24,6.0,38.833333333333336,4.16354609929078,0.0,1,33.3,0.5,0.066,8.3
A-6e08f3,Company_220,Cybersecurity,US,2023-02-27,event,Basic,8,False,True,10,18190,218280,17.2,1,1,492,149078,21,2.0,36.5,3.5,0.0,1,37.0,0.5,0.068,2.0
A-d922bf,Company_221,HealthTech,US,2023-09-08,ads,Basic,5,True,True,7,17114,205368,18.857142857142858,0,0,419,134119,19,7.0,39.142857142857146,3.703586626139818,1.0,1,30.7,0.2857142857142857,0.083,0.678
A-8ed5dd,Company_222,EdTech,UK,2023-06-29,event,Enterprise,5,False,True,12,11956,143472,12.833333333333334,3,1,545,173217,45,6.0,29.0,3.827092198581561,0.0,1,33.0,0.6666666666666666,0.094,0.948
A-7c6b6b,Company_223,FinTech,US,2024-11-30,other,Basic,6,False,True,7,4818,57816,14.571428571428571,0,0,311,82471,24,5.0,52.2,4.192510638297873,0.0,1,15.9,0.4,1.032,1.208
A-3c1a3f,Company_224,DevTools,UK,2023-08-26,event,Pro,1,False,False,12,14909,178908,19.33333333333333,0,1,497,172341,22,4.0,33.25,3.7406382978723407,0.0,0,31.1,0.25,0.099,1.456
A-b48f73,Company_225,EdTech,AU,2024-11-13,event,Pro,80,True,False,7,28320,339840,80.0,0,0,412,118416,23,3.0,28.666666666666668,3.993758865248227,0.0,0,16.5,0.6666666666666666,0.875,0.885
A-76fa4d,Company_226,HealthTech,US,2024-11-24,event,Pro,69,False,True,7,61686,740232,69.0,0,0,357,126251,21,5.0,33.4,4.396255319148937,0.0,1,16.1,0.6,0.973,1.24
A-b2af2e,Company_227,Cybersecurity,UK,2024-08-24,event,Enterprise,5,False,True,4,3112,37344,22.0,0,1,174,60214,11,2.0,39.5,4.0,0.0,1,19.2,0.0,0.14,2.308
A-9bfc9f,Company_228,DevTools,CA,2023-09-14,ads,Pro,53,False,False,9,15342,184104,53.77777777777778,3,2,376,109862,18,6.0,35.333333333333336,3.657304964539007,1.0,0,30.5,0.5,0.078,0.487
A-4ae22a,Company_229,EdTech,US,2024-05-09,other,Pro,6,False,True,7,9432,113184,15.428571428571429,0,0,369,142387,31,3.0,14.333333333333334,3.654184397163121,0.0,1,22.7,0.3333333333333333,0.14,1.564
A-fda07f,Company_230,Cybersecurity,FR,2024-08-11,partner,Basic,7,False,True,12,28418,341016,24.08333333333333,4,1,681,231376,39,5.0,17.8,3.992510638297873,0.0,1,19.6,0.6,0.437,0.607
A-de24d5,Company_231,DevTools,US,2024-11-05,other,Enterprise,5,True,False,13,21327,255924,20.923076923076923,0,0,527,136636,28,7.0,43.142857142857146,3.7009118541033432,0.0,0,16.8,0.42857142857142855,0.911,0.626
A-977ca0,Company_232,HealthTech,IN,2023-02-20,partner,Basic,6,False,False,16,30055,360660,24.8125,1,0,893,242860,46,3.0,64.0,3.9875177304964544,0.0,0,37.3,0.6666666666666666,0.118,1.513
A-ab438f,Company_233,Cybersecurity,US,2024-09-13,ads,Enterprise,13,False,True,8,16358,196296,32.625,1,0,369,111452,12,2.0,33.5,3.5,0.0,1,18.5,1.0,0.33,0.617
A-e89151,Company_234,FinTech,UK,2023-09-14,organic,Pro,8,True,False,9,21734,260808,19.55555555555556,3,0,601,188786,29,2.0,41.5,4.490638297872341,0.0,0,30.5,0.0,0.114,2.724
A-40906c,Company_235,EdTech,US,2024-03-27,ads,Basic,92,False,False,12,64400,772800,92.0,0,0,685,210243,32,5.0,29.2,3.796255319148936,0.0,0,24.1,0.2,0.211,1.49
A-81edc3,Company_236,Cybersecurity,IN,2023-10-30,ads,Basic,5,False,True,12,17524,210288,16.916666666666668,2,0,765,245080,41,3.0,52.66666666666666,3.993758865248227,0.0,1,29.0,1.0,0.168,2.118
A-328bd0,Company_237,HealthTech,AU,2023-05-16,partner,Enterprise,18,False,False,13,15979,191748,23.0,1,1,568,162210,49,5.0,46.0,3.792510638297872,0.0,0,34.5,0.4,0.099,1.104
A-b3fe05,Company_238,Cybersecurity,CA,2024-05-28,partner,Pro,8,False,False,9,24494,293928,26.22222222222222,0,0,438,141962,18,4.0,48.25,3.4906382978723407,0.0,0,22.0,1.0,0.198,0.385
A-09540c,Company_239,Cybersecurity,CA,2023-10-30,event,Basic,67,True,True,6,23718,284616,67.0,1,1,297,94696,16,2.0,28.0,4.5,0.0,1,29.0,0.5,0.065,0.585
A-e693b6,Company_240,FinTech,AU,2023-05-25,event,Enterprise,55,False,True,12,34155,409860,55.0,1,0,681,206167,25,1.0,1.0,3.0,0.0,1,34.2,1.0,0.099,1.049
A-2446e3,Company_241,EdTech,IN,2024-01-10,organic,Pro,27,False,True,7,24138,289656,27.0,1,1,496,151037,32,3.0,28.666666666666668,4.0,0.0,1,26.6,0.3333333333333333,0.124,1.303
A-241e75,Company_242,EdTech,US,2024-07-03,partner,Enterprise,3,False,True,5,3594,43128,19.2,0,1,266,100257,20,4.0,31.5,4.240638297872341,0.0,1,20.9,0.25,0.149,1.696
A-922109,Company_243,Cybersecurity,US,2024-01-26,ads,Pro,3,False,True,13,14118,169416,16.076923076923077,0,0,819,274464,34,3.0,25.33333333333333,3.654184397163121,0.0,1,26.1,0.3333333333333333,0.221,0.722
A-ff3c73,Company_244,HealthTech,AU,2023-01-26,other,Pro,21,False,True,9,4335,52020,29.11111111111111,1,0,408,143989,23,2.0,35.5,3.5,0.0,1,38.1,0.5,0.054,1.861
A-8b0451,Company_245,FinTech,UK,2024-09-16,event,Enterprise,41,False,True,10,31709,380508,41.2,0,0,606,177930,45,7.0,26.571428571428573,3.706261398176292,0.0,1,18.4,0.7142857142857143,0.519,0.596
A-331424,Company_246,DevTools,US,2023-11-06,organic,Basic,11,False,True,6,6776,81312,11.0,0,0,214,76170,9,2.0,24.5,3.981276595744681,0.0,1,28.7,0.0,0.048,0.426
A-51ec1b,Company_247,DevTools,US,2023-11-08,ads,Enterprise,7,False,True,6,11087,133044,13.833333333333334,3,2,283,111162,12,3.0,52.333333333333336,4.6604255319148935,1.0,1,28.7,0.3333333333333333,0.064,0.244
A-bcf664,Company_248,DevTools,US,2023-05-19,other,Pro,5,False,True,13,13728,164736,22.692307692307693,0,0,575,181920,28,5.0,36.0,3.992510638297873,1.0,1,34.4,0.8,0.091,1.42
A-90a8c8,Company_249,FinTech,AU,2024-08-24,organic,Pro,15,False,True,7,26514,318168,29.571428571428573,2,0,404,127486,20,4.0,45.0,3.25,0.0,1,19.2,0.5,0.302,0.651
A-86cdb4,Company_250,DevTools,DE,2024-09-22,partner,Basic,2,False,False,9,3551,42612,13.666666666666666,0,0,492,167226,24,5.0,26.4,4.192510638297873,0.0,0,18.2,0.8,0.48,3.903
A-4bfa33,Company_251,Cybersecurity,US,2024-12-07,event,Basic,8,True,True,7,5606,67272,20.285714285714285,0,0,329,78244,17,4.0,16.5,3.7453191489361695,0.0,1,15.7,0.75,1.417,2.361
A-dbc825,Company_252,EdTech,FR,2024-01-07,partner,Enterprise,19,False,True,16,42404,508848,27.1875,2,0,730,212801,58,6.0,49.5,3.9875177304964544,1.0,1,26.7,0.5,0.189,0.814
A-c70870,Company_253,Cybersecurity,US,2024-10-22,partner,Basic,31,False,True,7,39614,475368,61.57142857142857,2,1,334,106338,18,5.0,35.6,3.992510638297873,0.0,1,17.2,0.2,0.486,2.577
A-7c4956,Company_254,DevTools,US,2023-05-06,ads,Enterprise,5,False,False,8,3409,40908,15.125,0,0,475,129707,40,3.0,13.666666666666666,3.9875177304964544,0.0,0,34.8,0.6666666666666666,0.073,1.531
A-0651a4,Company_255,HealthTech,FR,2024-10-16,organic,Pro,16,False,True,15,44564,534768,26.8,0,0,705,201426,37,4.0,29.25,3.9906382978723407,0.0,1,17.4,1.0,0.882,2.582
A-3ce5b8,Company_256,FinTech,IN,2023-09-07,ads,Basic,8,False,True,9,16650,199800,37.333333333333336,0,0,509,147802,29,10.0,42.5,3.794382978723404,0.0,1,30.7,0.6,0.104,1.0
A-bd4708,Company_257,FinTech,US,2024-07-21,ads,Pro,37,True,False,13,38975,467700,41.15384615384615,1,0,653,201897,30,4.0,24.0,3.7406382978723407,0.0,0,20.3,0.5,0.387,0.806
A-993085,Company_258,HealthTech,US,2023-06-01,ads,Basic,31,True,True,15,48456,581472,33.666666666666664,2,2,665,216015,50,4.0,46.5,3.7406382978723407,0.0,1,33.9,0.25,0.111,0.441
A-92a3af,Company_259,Cybersecurity,IN,2024-07-07,organic,Enterprise,25,False,False,11,34538,414456,32.90909090909091,0,2,714,218189,55,4.0,57.5,3.9906382978723407,1.0,0,20.7,0.25,0.367,1.36
A-151c9a,Company_260,FinTech,US,2023-01-27,ads,Enterprise,23,False,True,5,14250,171000,30.0,0,1,366,120907,14,2.0,31.0,3.5,0.0,1,38.0,0.5,0.048,1.271
A-474ad4,Company_261,EdTech,US,2023-11-28,organic,Basic,8,False,False,15,12125,145500,16.8,1,1,605,183355,45,3.0,33.0,4.320851063829788,1.0,0,28.0,0.3333333333333333,0.143,0.527
A-4ef964,Company_262,HealthTech,US,2024-03-07,organic,Pro,17,False,True,9,14279,171348,26.444444444444443,0,0,487,150663,33,3.0,42.66666666666666,3.993758865248227,0.0,1,24.7,0.3333333333333333,0.164,2.475
A-fd9422,Company_263,Cybersecurity,US,2024-04-04,organic,Pro,58,False,False,9,28130,337560,58.0,1,1,456,143313,21,6.0,44.333333333333336,3.5,1.0,0,23.8,0.5,0.159,0.857
A-0baac2,Company_264,FinTech,DE,2024-05-30,organic,Enterprise,14,False,True,6,18500,222000,23.33333333333333,0,0,202,73161,9,6.0,43.5,4.157304964539008,0.0,1,22.0,0.6666666666666666,0.098,1.769
A-bb1486,Company_265,HealthTech,US,2024-11-05,organic,Basic,41,False,True,8,16307,195684,47.875,0,2,405,118945,36,3.0,11.0,3.654184397163121,0.0,1,16.8,0.6666666666666666,0.732,0.286
A-560d27,Company_266,DevTools,US,2024-05-05,organic,Pro,23,False,False,12,41641,499692,34.166666666666664,1,0,587,185616,38,4.0,30.75,3.7453191489361695,0.0,0,22.8,0.0,0.238,0.828
A-0b0d6d,Company_267,DevTools,US,2024-12-30,organic,Pro,3,False,True,13,33491,401892,20.692307692307693,1,0,582,162411,48,5.0,31.4,3.988765957446809,1.0,1,14.9,0.6,61.0,0.761
A-2789e3,Company_268,FinTech,US,2024-09-14,partner,Enterprise,11,False,False,12,24489,293868,18.58333333333333,1,1,680,205877,45,4.0,47.25,3.9953191489361695,0.0,0,18.5,0.0,0.574,2.065
A-b07346,Company_269,HealthTech,US,2024-10-10,partner,Pro,51,False,True,5,31416,376992,51.0,1,0,326,106943,22,3.0,42.333333333333336,3.660425531914894,0.0,1,17.6,0.6666666666666666,0.402,0.381
A-902ef7,Company_270,HealthTech,US,2024-09-03,other,Enterprise,83,False,True,8,44322,531864,83.0,2,0,414,145878,24,2.0,48.5,3.9906382978723407,0.0,1,18.8,1.0,0.328,0.738
A-20736a,Company_271,EdTech,IN,2024-03-16,organic,Enterprise,50,False,True,7,40525,486300,53.57142857142857,1,1,430,108408,22,4.0,42.25,3.75,0.0,1,24.4,0.75,0.138,1.412
A-e4bf56,Company_272,HealthTech,IN,2024-10-28,ads,Pro,17,False,False,7,18926,227112,23.428571428571427,0,1,339,115488,10,8.0,29.125,3.7453191489361695,0.0,0,17.0,0.75,0.516,2.536
A-cea1f0,Company_273,FinTech,US,2024-04-07,event,Pro,8,False,False,10,12244,146928,15.2,1,1,586,161188,28,5.0,42.2,4.192510638297873,0.0,0,23.7,0.6,0.201,1.448
A-ef84cf,Company_274,EdTech,US,2024-03-01,partner,Enterprise,8,False,True,5,7507,90084,16.2,0,1,309,100420,11,5.0,34.8,4.192510638297873,1.0,1,24.9,0.4,0.092,1.087
A-d49cc5,Company_275,Cybersecurity,FR,2023-09-19,event,Basic,50,False,True,8,13325,159900,53.125,0,0,436,142933,34,4.0,32.0,4.240638297872341,0.0,1,30.3,0.5,0.083,5.083
A-67be94,Company_276,EdTech,US,2023-04-04,organic,Enterprise,26,False,True,7,21930,263160,38.57142857142857,1,0,416,127197,17,5.0,38.6,3.988765957446809,0.0,1,35.8,1.0,0.064,1.094
A-4e960a,Company_277,FinTech,US,2024-01-17,other,Enterprise,12,True,False,12,23942,287304,20.58333333333333,0,1,512,153943,21,6.0,29.166666666666668,3.9906382978723407,0.0,0,26.4,0.5,0.135,2.8
A-c37cab,Company_278,Cybersecurity,UK,2024-07-29,event,Pro,13,False,True,12,29433,353196,26.33333333333333,1,1,708,203309,40,4.0,33.0,3.75,1.0,1,20.0,0.5,0.439,0.991
A-533452,Company_279,DevTools,AU,2024-11-12,organic,Pro,9,False,True,11,20664,247968,29.09090909090909,1,2,595,172726,44,4.0,32.75,3.9906382978723407,0.0,1,16.5,0.5,1.265,0.491
A-443b7c,Company_280,Cybersecurity,US,2024-09-06,other,Enterprise,1,False,False,16,24062,288744,24.625,4,0,618,195039,29,8.0,29.25,4.242978723404256,0.0,0,18.7,0.75,0.509,0.913
A-1f7acb,Company_281,FinTech,UK,2023-08-06,ads,Basic,64,True,False,8,46912,562944,64.0,1,3,510,164068,47,7.0,41.71428571428572,4.280364741641337,0.0,0,31.8,0.5714285714285714,0.103,0.317
A-f51f16,Company_282,HealthTech,US,2023-12-25,partner,Enterprise,1,False,True,8,13310,159720,17.75,2,0,384,146093,28,4.0,29.25,3.4906382978723407,0.0,1,27.1,0.75,0.099,0.95
A-5a3eb9,Company_283,DevTools,CA,2023-08-20,other,Enterprise,18,True,True,13,20293,243516,30.53846153846154,0,2,722,216880,34,3.0,24.0,3.981276595744681,0.0,1,31.3,0.6666666666666666,0.128,0.676
A-5f2961,Company_284,HealthTech,US,2024-11-22,partner,Basic,4,False,True,7,10299,123588,24.428571428571427,0,0,348,103023,19,1.0,53.0,3.981276595744681,0.0,1,16.2,1.0,0.923,0.621
A-417d2f,Company_285,Cybersecurity,IN,2023-07-04,partner,Pro,4,True,True,16,22933,275196,20.5625,1,0,722,206401,31,6.0,43.5,4.157304964539008,0.0,1,32.9,0.6666666666666666,0.13,0.75
A-e98302,Company_286,EdTech,US,2023-12-26,ads,Enterprise,16,True,False,6,12567,150804,30.5,0,0,273,88751,18,9.0,44.44444444444444,4.106950354609929,0.0,0,27.1,0.5555555555555556,0.073,0.556
A-8bde0c,Company_287,DevTools,US,2024-11-04,organic,Basic,12,False,True,18,34198,410376,26.444444444444443,2,0,773,240908,43,3.0,25.666666666666668,3.993758865248227,0.0,1,16.8,0.3333333333333333,1.368,1.475
A-bcf87c,Company_288,FinTech,US,2024-06-27,event,Pro,10,False,False,11,21770,261240,20.09090909090909,0,1,503,147590,19,2.0,63.0,4.0,0.0,0,21.1,0.0,0.283,1.027
A-54ecc2,Company_289,Cybersecurity,US,2023-06-11,partner,Enterprise,4,False,True,11,16168,194016,13.272727272727272,0,1,607,183498,39,5.0,37.4,4.388765957446809,0.0,1,33.6,0.4,0.095,0.671
A-625d0b,Company_290,EdTech,AU,2024-09-02,ads,Basic,9,False,False,11,11893,142716,17.363636363636363,0,0,529,141489,38,5.0,48.4,3.785021276595745,0.0,0,18.9,0.6,0.45,1.672
A-fce879,Company_291,EdTech,UK,2024-09-24,partner,Pro,10,True,True,5,6797,81564,25.6,0,1,299,98740,14,2.0,28.0,4.0,0.0,1,18.1,0.5,0.276,1.92
A-b07b56,Company_292,DevTools,US,2024-11-08,event,Pro,25,False,True,15,16984,203808,26.33333333333333,0,0,633,185462,39,4.0,31.25,3.735957446808511,0.0,1,16.7,1.0,1.132,0.819
A-6da850,Company_293,FinTech,IN,2023-10-07,organic,Pro,5,False,True,16,18559,222708,16.375,3,1,714,186370,54,5.0,49.0,3.985021276595744,0.0,1,29.7,0.4,0.149,0.383
A-342303,Company_294,EdTech,US,2024-03-16,other,Pro,1,True,True,3,1695,20340,18.33333333333333,0,0,141,23149,5,3.0,29.33333333333333,4.3270921985815605,0.0,1,24.4,0.6666666666666666,0.052,0.538
A-e7a1e2,Company_295,Cybersecurity,US,2024-06-23,event,Enterprise,3,False,True,12,20042,240504,13.916666666666666,0,0,703,220928,36,1.0,45.0,4.0,0.0,1,21.2,0.0,0.351,1.507
A-f1f639,Company_296,EdTech,US,2023-02-26,ads,Basic,2,False,True,4,2919,35028,5.25,1,0,139,43097,10,7.0,20.0,4.566079027355623,0.0,1,37.1,0.5714285714285714,0.019,4.429
A-a865bd,Company_297,Cybersecurity,US,2023-09-19,organic,Pro,38,False,True,5,21022,252264,47.6,0,0,230,60120,13,2.0,31.5,3.4906382978723407,0.0,1,30.3,0.5,0.049,2.52
A-4e631b,Company_298,FinTech,US,2024-03-16,other,Enterprise,22,False,False,11,24398,292776,24.0,1,1,502,154668,29,2.0,24.5,3.9906382978723407,0.0,0,24.4,0.5,0.159,1.305
A-7f6b86,Company_299,HealthTech,US,2023-08-24,partner,Basic,45,True,True,9,19402,232824,48.11111111111112,3,0,420,144249,14,7.0,40.42857142857143,3.8464437689969606,0.0,1,31.2,0.8571428571428571,0.083,0.355
A-8adedc,Company_300,EdTech,US,2024-02-11,event,Basic,4,True,False,14,28328,339936,26.714285714285715,0,0,583,165997,33,4.0,49.25,3.985957446808511,0.0,0,25.6,0.25,0.185,0.514
A-2edab2,Company_301,HealthTech,US,2023-11-17,event,Enterprise,17,False,True,10,11390,136680,17.0,1,0,487,160804,26,4.0,30.0,3.735957446808511,0.0,1,28.4,0.25,0.107,1.25
A-149a69,Company_302,DevTools,US,2024-10-17,event,Basic,34,False,True,3,8058,96696,34.0,0,0,208,59894,9,8.0,33.875,4.117978723404256,0.0,1,17.4,0.625,0.24,0.0
A-a6d261,Company_303,FinTech,CA,2023-11-29,other,Pro,9,False,True,14,38191,458292,23.428571428571427,3,0,627,189235,29,4.0,40.0,4.49531914893617,1.0,1,28.0,0.25,0.153,0.31
A-443f6f,Company_304,Cybersecurity,US,2024-12-07,organic,Basic,19,False,False,9,13594,163128,21.77777777777778,1,0,527,158149,28,4.0,28.0,4.49531914893617,0.0,0,15.7,0.5,2.333,1.52
A-202b67,Company_305,HealthTech,US,2024-03-22,organic,Pro,11,False,True,9,18168,218016,21.33333333333333,1,0,447,110514,40,4.0,36.75,4.49531914893617,0.0,1,24.2,0.75,0.158,1.979
A-00bed1,Company_306,Cybersecurity,US,2023-11-14,ads,Basic,28,True,True,10,33506,402072,34.2,3,0,514,143734,27,4.0,31.75,3.985957446808511,0.0,1,28.5,1.0,0.119,0.515
A-ffc04f,Company_307,EdTech,US,2024-06-06,ads,Pro,13,False,True,15,20039,240468,19.33333333333333,0,1,857,277347,64,7.0,17.714285714285715,4.277689969604864,1.0,1,21.7,0.42857142857142855,0.399,0.678
A-65c341,Company_308,FinTech,US,2023-12-26,ads,Pro,11,True,True,8,30546,366552,26.875,0,0,397,142388,18,5.0,41.4,3.985021276595745,0.0,1,27.1,0.8,0.092,0.394
A-dcc2f0,Company_309,FinTech,UK,2023-07-22,organic,Basic,15,False,True,15,17493,209916,18.066666666666663,2,0,833,243699,26,2.0,27.0,3.981276595744681,0.0,1,32.3,0.5,0.136,0.722
A-ced9aa,Company_310,DevTools,US,2024-10-05,other,Enterprise,3,False,False,11,6252,75024,7.090909090909091,0,0,531,166970,39,7.0,28.857142857142858,3.841094224924012,0.0,0,17.8,0.2857142857142857,0.598,0.759
A-3d957b,Company_311,HealthTech,UK,2024-04-04,other,Pro,14,False,True,6,11852,142224,26.33333333333333,3,0,143,43699,13,3.0,41.333333333333336,3.654184397163121,0.0,1,23.8,1.0,0.055,14.0
A-89ee83,Company_312,Cybersecurity,US,2024-10-04,organic,Pro,1,False,False,11,24907,298884,23.0,3,0,565,172626,26,5.0,21.8,3.992510638297873,1.0,0,17.8,0.4,0.625,1.388
A-883b7d,Company_313,Cybersecurity,IN,2024-03-28,other,Basic,17,False,False,12,30524,366288,35.666666666666664,0,0,632,184762,39,7.0,25.571428571428573,3.708936170212766,1.0,0,24.0,0.7142857142857143,0.219,1.879
A-dcc3f1,Company_314,HealthTech,US,2023-12-27,event,Pro,21,False,True,8,12747,152964,25.5,0,1,500,137958,32,9.0,35.666666666666664,3.880567375886525,0.0,1,27.1,0.6666666666666666,0.127,1.647
A-c62e55,Company_315,EdTech,US,2023-02-08,partner,Basic,1,True,False,9,11902,142824,23.11111111111111,1,0,337,87045,13,4.0,27.5,3.9953191489361695,0.0,0,37.6,0.5,0.046,2.789
A-e4144b,Company_316,EdTech,UK,2024-10-22,other,Pro,41,False,False,10,35424,425088,44.8,1,0,439,133397,21,3.0,57.0,3.993758865248227,0.0,0,17.2,0.6666666666666666,0.614,1.471
A-e40f45,Company_317,HealthTech,US,2024-04-18,organic,Pro,21,False,True,7,11825,141900,25.142857142857142,3,0,401,122954,26,7.0,26.714285714285715,4.132158054711247,0.0,1,23.4,0.5714285714285714,0.175,3.111
A-96215d,Company_318,FinTech,US,2024-08-08,event,Enterprise,10,False,False,6,10312,123744,14.666666666666666,1,0,347,104442,21,1.0,25.0,3.0,0.0,0,19.7,1.0,0.2,0.804
A-2b9d3e,Company_319,EdTech,US,2023-06-04,partner,Enterprise,1,False,False,9,5142,61704,13.22222222222222,1,0,444,142589,19,3.0,34.666666666666664,4.320851063829788,0.0,0,33.8,0.6666666666666666,0.075,1.341
A-b7724f,Company_320,HealthTech,UK,2023-03-28,organic,Basic,1,False,True,8,3222,38664,21.0,0,0,380,93251,16,3.0,28.666666666666668,3.3270921985815605,0.0,1,36.1,0.3333333333333333,0.057,0.417
A-310452,Company_321,DevTools,FR,2024-12-25,other,Enterprise,9,False,True,5,11003,132036,17.2,0,0,268,65581,16,5.0,34.2,3.6,0.0,1,15.1,0.2,3.833,0.386
A-eb1312,Company_322,FinTech,US,2024-09-16,partner,Pro,25,False,True,12,18147,217764,30.25,1,0,663,188047,38,1.0,68.0,5.0,0.0,1,18.4,0.0,0.566,1.434
A-df1e44,Company_323,Cybersecurity,UK,2024-02-23,organic,Enterprise,12,False,True,11,13107,157284,23.363636363636363,1,1,420,122432,14,2.0,53.0,4.490638297872341,0.0,1,25.2,0.5,0.135,1.255
A-6a7c9d,Company_324,Cybersecurity,US,2024-10-24,organic,Enterprise,26,False,True,5,13028,156336,30.4,0,0,189,65006,6,3.0,34.333333333333336,3.993758865248227,0.0,1,17.1,0.6666666666666666,0.279,0.829
A-cbd1a3,Company_325,DevTools,US,2024-11-25,other,Basic,6,False,False,10,16351,196212,17.7,2,0,465,128809,32,4.0,34.5,3.9906382978723407,0.0,0,16.1,0.25,1.222,0.5
A-a8d89d,Company_326,EdTech,US,2023-12-08,ads,Pro,13,False,True,12,29320,351840,22.25,2,0,551,170966,26,2.0,44.5,4.490638297872341,0.0,1,27.7,0.0,0.139,0.527
A-600734,Company_327,DevTools,US,2023-11-14,organic,Pro,29,True,False,13,18132,217584,31.307692307692307,2,0,660,190076,30,7.0,52.57142857142857,3.8464437689969606,1.0,0,28.5,0.7142857142857143,0.162,0.725
A-86fc1d,Company_328,DevTools,UK,2024-07-26,partner,Basic,26,False,True,9,15181,182172,30.77777777777778,3,0,363,111108,26,5.0,27.0,3.988765957446809,0.0,1,20.1,1.0,0.234,2.6
A-78f02b,Company_329,HealthTech,US,2024-11-17,event,Enterprise,11,False,True,4,15081,180972,54.75,1,0,198,61543,15,4.0,45.75,3.9953191489361695,0.0,1,16.4,0.25,0.432,0.818
A-acb7f7,Company_330,EdTech,US,2024-01-06,ads,Basic,32,False,True,12,32574,390888,33.333333333333336,2,1,612,176628,36,3.0,41.0,3.660425531914894,0.0,1,26.7,0.3333333333333333,0.164,2.281
A-712f1c,Company_331,DevTools,US,2023-12-16,ads,Basic,17,False,True,12,42999,515988,31.58333333333333,2,0,631,181302,34,6.0,41.66666666666666,3.993758865248227,0.0,1,27.4,0.5,0.176,0.741
A-3793ee,Company_332,Cybersecurity,CA,2023-03-21,organic,Enterprise,49,True,True,7,26705,320460,49.0,1,1,352,97381,11,4.0,43.75,3.985957446808511,0.0,1,36.3,0.25,0.057,0.936
A-9a532a,Company_333,HealthTech,US,2024-07-06,partner,Enterprise,11,False,False,4,10945,131340,29.25,0,0,185,75595,15,2.0,57.5,3.981276595744681,0.0,0,20.8,0.5,0.101,0.682
A-2ebb4b,Company_334,HealthTech,US,2023-05-15,ads,Basic,41,False,True,10,30688,368256,43.4,1,0,488,143502,33,2.0,43.5,3.0,0.0,1,34.5,0.5,0.082,1.786
A-6843f2,Company_335,HealthTech,CA,2024-12-10,ads,Enterprise,21,False,False,9,16520,198240,21.22222222222222,0,1,464,126101,17,2.0,36.5,3.0,0.0,0,15.6,0.5,2.048,1.261
A-c9bb3e,Company_336,EdTech,US,2024-03-24,ads,Pro,5,False,True,10,15217,182604,28.1,1,0,474,171153,20,7.0,27.714285714285715,4.137507598784195,1.0,1,24.2,0.7142857142857143,0.152,0.283
A-4814a3,Company_337,Cybersecurity,IN,2024-09-17,event,Basic,87,False,True,11,87957,1055484,87.0,2,1,587,168767,45,4.0,18.75,3.985957446808511,1.0,1,18.4,0.5,0.552,1.254
A-b7b7b7,Company_338,FinTech,US,2024-06-30,event,Basic,24,False,False,12,28558,342696,31.25,1,0,571,166390,26,3.0,17.0,4.6604255319148935,0.0,0,21.0,0.0,0.293,0.463
A-ccc747,Company_339,HealthTech,FR,2024-01-12,event,Pro,16,False,True,6,4812,57744,20.666666666666668,2,0,284,89582,13,4.0,32.25,4.235957446808511,1.0,1,26.5,0.25,0.085,0.588
A-bb3bd4,Company_340,HealthTech,US,2024-01-27,ads,Basic,23,False,True,7,7452,89424,23.0,2,0,315,93609,11,11.0,32.72727272727273,4.0841005802707935,0.0,1,26.1,0.45454545454545453,0.086,0.241
A-09316c,Company_341,FinTech,AU,2024-09-11,organic,Enterprise,70,False,True,11,70000,840000,70.0,2,0,566,149461,31,4.0,54.75,3.75,1.0,1,18.6,0.25,0.486,0.743
A-96bbc6,Company_342,Cybersecurity,US,2024-05-07,organic,Enterprise,39,False,True,8,30426,365112,44.25,3,1,482,152806,25,3.0,51.333333333333336,3.333333333333333,0.0,1,22.7,0.3333333333333333,0.197,3.55
A-bc4d48,Company_343,EdTech,US,2024-06-12,ads,Pro,35,True,False,7,12390,148680,35.0,1,0,321,89391,9,6.0,41.16666666666666,4.16354609929078,1.0,0,21.6,0.6666666666666666,0.149,0.59
A-b30291,Company_344,HealthTech,US,2024-04-05,event,Basic,5,True,True,10,5375,64500,16.0,0,0,519,161097,31,1.0,16.0,3.981276595744681,0.0,1,23.8,1.0,0.174,0.854
A-cdf020,Company_345,DevTools,AU,2023-08-16,organic,Pro,23,False,True,8,18072,216864,31.375,2,0,379,119522,18,4.0,29.5,3.9953191489361695,0.0,1,31.4,0.5,0.078,0.75
A-e6afc1,Company_346,DevTools,US,2023-02-24,ads,Pro,1,False,False,11,22582,270984,30.454545454545453,0,0,679,196287,30,0.0,0.0,0.0,0.0,0,37.1,0.0,0.099,0.621
A-e3bd71,Company_347,Cybersecurity,US,2023-03-25,partner,Basic,31,False,True,11,41630,499560,40.81818181818182,1,1,638,187024,27,4.0,30.25,3.9906382978723407,0.0,1,36.2,0.5,0.093,2.034
A-b179bf,Company_348,Cybersecurity,IN,2024-10-27,ads,Basic,43,False,True,5,17931,215172,43.0,0,0,398,110855,18,6.0,24.666666666666668,3.9843971631205672,0.0,1,17.0,0.6666666666666666,0.569,0.126
A-098560,Company_349,DevTools,UK,2023-10-21,ads,Enterprise,1,False,True,11,12326,147912,19.727272727272727,1,0,567,174302,32,2.0,28.0,3.0,1.0,1,29.3,0.5,0.124,0.974
A-82861f,Company_350,DevTools,UK,2024-04-25,organic,Basic,41,False,True,10,43633,523596,42.7,0,0,462,130873,43,5.0,24.4,3.2,0.0,1,23.1,0.4,0.192,0.662
A-94c3cd,Company_351,FinTech,CA,2023-09-20,other,Enterprise,32,False,False,6,9036,108432,35.0,0,0,306,104197,18,4.0,44.75,3.7406382978723407,1.0,0,30.3,0.5,0.064,0.889
A-a33200,Company_352,HealthTech,US,2024-09-15,partner,Basic,29,False,True,12,28913,346956,31.416666666666668,1,0,517,150997,26,3.0,36.333333333333336,4.3270921985815605,0.0,1,18.4,0.3333333333333333,0.495,1.833
A-034368,Company_353,EdTech,US,2023-11-05,event,Enterprise,19,False,True,5,11194,134328,25.0,0,0,265,80423,25,5.0,41.2,3.988765957446809,0.0,1,28.8,0.4,0.064,0.476
A-b54c01,Company_354,DevTools,US,2024-09-29,event,Enterprise,29,False,True,4,3393,40716,29.0,0,0,226,64973,17,5.0,42.6,3.588765957446809,0.0,1,18.0,0.2,0.226,2.571
A-d82ef9,Company_355,EdTech,UK,2024-07-02,other,Basic,26,False,True,14,14327,171924,30.214285714285715,1,2,679,194022,46,5.0,39.8,4.1962553191489365,1.0,1,20.9,0.6,0.352,0.509
A-bb2f49,Company_356,Cybersecurity,US,2023-05-28,other,Pro,8,False,False,11,23990,287880,29.818181818181817,2,1,618,190070,42,3.0,22.33333333333333,3.993758865248227,0.0,0,34.1,0.6666666666666666,0.103,1.015
A-1f559b,Company_357,HealthTech,US,2023-09-04,organic,Enterprise,5,True,True,10,11756,141072,22.4,0,1,400,117267,27,5.0,50.4,4.2,0.0,1,30.8,0.8,0.076,1.404
A-5a215a,Company_358,EdTech,FR,2024-01-05,other,Enterprise,87,False,False,18,130152,1561824,87.0,2,0,797,266882,71,4.0,29.5,3.9953191489361695,0.0,0,26.8,0.5,0.199,1.849
A-3f9cc0,Company_359,HealthTech,US,2024-06-03,event,Basic,22,False,True,7,19940,239280,23.142857142857142,1,2,407,124321,24,5.0,34.8,4.188765957446809,1.0,1,21.8,0.6,0.199,0.162
A-f9cc74,Company_360,DevTools,FR,2024-10-12,partner,Enterprise,30,True,False,10,15557,186684,32.3,1,0,484,130826,22,6.0,49.833333333333336,3.9968794326241137,0.0,0,17.5,0.0,0.612,1.016
A-ed510f,Company_361,Cybersecurity,IN,2023-01-17,partner,Basic,42,False,True,10,36162,433944,42.0,2,0,493,160744,28,9.0,44.55555555555556,3.989598108747045,0.0,1,38.4,0.4444444444444444,0.067,2.35
A-5c9849,Company_362,EdTech,IN,2024-11-03,partner,Basic,19,False,True,9,36755,441060,36.888888888888886,2,0,473,151483,23,4.0,59.5,3.981276595744681,1.0,1,16.8,0.5,0.759,1.231
A-a7bd4b,Company_363,Cybersecurity,US,2023-02-15,ads,Enterprise,5,False,True,11,6268,75216,17.454545454545453,2,0,576,166772,37,6.0,36.833333333333336,3.493758865248227,0.0,1,37.4,0.6666666666666666,0.077,0.774
A-d4ac0e,Company_364,DevTools,UK,2024-04-20,ads,Basic,18,False,False,19,27557,330684,29.473684210526315,3,0,793,245619,53,4.0,21.0,3.7406382978723407,0.0,0,23.3,0.5,0.298,2.037
A-ffdfd5,Company_365,EdTech,US,2024-04-13,organic,Basic,3,False,True,10,14322,171864,21.6,1,0,529,139609,28,0.0,0.0,0.0,0.0,1,23.5,0.0,0.195,1.452
A-0dbdc6,Company_366,Cybersecurity,DE,2023-02-12,other,Pro,30,False,True,9,28273,339276,34.111111111111114,0,0,512,155107,31,4.0,47.0,4.235957446808511,0.0,1,37.5,0.25,0.074,0.753
A-7cfe77,Company_367,DevTools,US,2024-07-10,ads,Pro,69,False,True,5,12765,153180,69.0,1,1,205,57582,11,7.0,30.714285714285715,3.706261398176292,0.0,1,20.6,0.42857142857142855,0.109,0.654
A-1f0636,Company_368,EdTech,AU,2024-01-01,partner,Pro,105,False,False,11,94710,1136520,105.0,3,0,685,212120,30,2.0,38.5,3.5,0.0,0,26.9,1.0,0.184,1.903
A-40de06,Company_369,Cybersecurity,US,2023-05-08,event,Enterprise,28,False,False,16,28862,346344,32.5625,2,1,902,267400,43,3.0,40.333333333333336,3.9875177304964544,0.0,0,34.7,0.3333333333333333,0.139,1.553
A-cb5333,Company_370,DevTools,US,2024-03-26,ads,Pro,33,False,True,16,26256,315072,35.0625,0,1,796,263767,34,4.0,30.75,3.735957446808511,0.0,1,24.1,0.5,0.275,1.051
A-309e54,Company_371,DevTools,US,2024-12-09,other,Pro,15,False,True,11,28549,342588,31.545454545454547,0,1,509,168199,24,5.0,23.8,3.785021276595745,0.0,1,15.6,0.6,2.273,2.097
A-6e7827,Company_372,DevTools,US,2023-03-26,other,Basic,1,False,True,9,8344,100128,15.11111111111111,3,0,419,123307,31,2.0,51.0,3.5,0.0,1,36.1,0.0,0.062,0.62
A-50bb9f,Company_373,Cybersecurity,US,2024-07-12,organic,Pro,2,False,True,8,17263,207156,23.375,2,0,267,94306,14,7.0,33.285714285714285,3.989300911854104,0.0,1,20.6,0.42857142857142855,0.134,1.909
A-5fe118,Company_374,Cybersecurity,US,2024-11-07,other,Enterprise,39,False,True,5,22290,267480,55.8,0,0,233,59902,12,1.0,19.0,4.0,0.0,1,16.7,1.0,0.389,2.045
A-5247b3,Company_375,FinTech,UK,2024-03-12,partner,Pro,16,True,True,11,11791,141492,23.727272727272727,3,0,610,177212,29,5.0,45.8,3.992510638297873,0.0,1,24.6,0.8,0.194,0.42
A-f44180,Company_376,Cybersecurity,UK,2023-02-13,event,Pro,9,False,True,11,28788,345456,20.363636363636363,0,0,520,164121,22,2.0,46.5,5.0,0.0,1,37.5,0.5,0.074,1.455
A-c16cf7,Company_377,EdTech,US,2024-10-16,event,Pro,13,True,True,10,12274,147288,24.4,0,0,577,144846,26,3.0,48.333333333333336,3.660425531914894,0.0,1,17.4,0.0,0.737,0.835
A-d42431,Company_378,FinTech,FR,2024-06-09,ads,Enterprise,22,True,True,9,21160,253920,31.11111111111111,1,1,457,133864,34,4.0,24.25,3.9906382978723407,0.0,1,21.6,0.75,0.229,1.0
A-6965e1,Company_379,DevTools,US,2024-11-25,organic,Basic,13,False,True,12,27765,333180,17.583333333333332,1,1,627,188154,29,3.0,39.0,3.654184397163121,0.0,1,16.1,0.3333333333333333,1.556,0.506
A-0354fe,Company_380,Cybersecurity,US,2024-10-22,other,Basic,34,False,True,7,15470,185640,34.0,1,0,463,152435,30,4.0,20.0,3.9906382978723407,0.0,1,17.2,0.5,0.629,4.0
A-0a62f5,Company_381,FinTech,UK,2024-09-11,partner,Pro,16,False,True,4,4861,58332,19.75,0,0,244,74890,7,2.0,33.5,3.981276595744681,0.0,1,18.6,1.0,0.225,0.688
A-f5641b,Company_382,EdTech,US,2024-03-30,other,Pro,31,False,True,10,39120,469440,33.1,1,1,438,141649,18,4.0,47.5,3.4906382978723407,1.0,1,24.0,0.75,0.141,1.41
A-b44e3e,Company_383,Cybersecurity,UK,2024-02-12,ads,Basic,40,False,True,7,43521,522252,45.57142857142857,3,0,387,114913,13,3.0,40.0,4.333333333333333,0.0,1,25.5,0.6666666666666666,0.115,0.855
A-3b37d9,Company_384,FinTech,US,2023-01-27,event,Enterprise,23,False,True,7,19435,233220,23.714285714285715,2,0,451,128119,21,5.0,36.0,4.188765957446809,0.0,1,38.0,0.4,0.061,3.25
A-54d94a,Company_385,Cybersecurity,IN,2023-05-01,event,Basic,27,False,False,11,12557,150684,34.09090909090909,1,1,582,174162,28,4.0,53.75,3.7406382978723407,0.0,0,35.0,0.0,0.093,0.677
A-7f29a7,Company_386,Cybersecurity,UK,2024-09-18,event,Basic,41,True,True,11,18860,226320,41.0,0,0,619,177209,38,1.0,24.0,4.0,0.0,1,18.3,1.0,0.558,0.653
A-089363,Company_387,FinTech,AU,2023-05-06,event,Basic,2,False,True,14,21104,253248,18.142857142857142,2,0,628,196491,33,3.0,35.0,3.6666666666666665,0.0,1,34.8,0.3333333333333333,0.099,1.509
A-524364,Company_388,DevTools,FR,2024-12-31,partner,Enterprise,3,False,False,6,9552,114624,31.5,0,0,237,72569,24,3.0,47.66666666666666,4.333333333333333,0.0,0,14.9,0.6666666666666666,26.0,0.0
A-855a48,Company_389,EdTech,US,2023-12-22,partner,Pro,14,True,True,8,30376,364512,26.75,0,1,448,145908,16,5.0,39.6,3.792510638297872,0.0,1,27.2,0.8,0.115,0.169
A-756192,Company_390,FinTech,IN,2023-06-11,other,Basic,19,False,False,10,21400,256800,28.8,1,0,617,183585,43,3.0,37.333333333333336,3.993758865248227,0.0,0,33.6,0.6666666666666666,0.107,0.655
A-49b828,Company_391,FinTech,IN,2023-05-05,ads,Pro,6,False,False,14,31108,373296,19.142857142857142,2,0,687,187183,45,3.0,13.666666666666666,3.660425531914894,1.0,0,34.8,0.0,0.102,1.063
A-c7ffc2,Company_392,Cybersecurity,US,2023-01-27,partner,Pro,30,True,True,12,36112,433344,42.333333333333336,3,0,636,199517,28,2.0,64.0,3.4906382978723407,0.0,1,38.0,0.5,0.084,0.802
A-751c58,Company_393,FinTech,UK,2024-07-18,organic,Basic,15,False,True,11,19597,235164,28.545454545454547,4,0,574,179405,12,5.0,39.6,4.192510638297873,0.0,1,20.4,0.0,0.307,1.378
A-72799b,Company_394,DevTools,FR,2023-11-13,event,Enterprise,20,False,True,10,17315,207780,26.5,2,1,550,154998,34,2.0,33.5,4.5,1.0,1,28.5,0.5,0.133,2.269
A-812c5b,Company_395,DevTools,CA,2024-02-25,organic,Basic,55,False,True,13,29884,358608,62.0,0,0,866,269595,46,4.0,27.0,3.9906382978723407,0.0,1,25.1,0.75,0.271,0.706
A-69b156,Company_396,EdTech,US,2023-11-21,other,Pro,7,False,False,9,14293,171516,11.555555555555555,0,2,360,102483,20,7.0,32.0,3.9919756838905776,0.0,0,28.3,0.5714285714285714,0.089,0.455
A-075038,Company_397,HealthTech,UK,2023-05-12,ads,Basic,17,False,True,14,18909,226908,31.428571428571427,1,0,743,198728,31,2.0,43.5,3.0,0.0,1,34.6,1.0,0.115,0.553
A-940b8b,Company_398,HealthTech,DE,2024-03-19,organic,Basic,1,False,False,8,9640,115680,24.0,1,1,362,121184,32,3.0,41.333333333333336,3.993758865248227,0.0,0,24.3,0.6666666666666666,0.118,0.183
A-2d1036,Company_399,FinTech,US,2024-06-14,ads,Pro,69,False,True,13,64653,775836,69.0,0,1,692,181335,40,5.0,37.8,4.6,1.0,1,21.5,0.4,0.33,1.214
A-0f6450,Company_400,FinTech,US,2024-12-27,other,Pro,28,True,True,11,23800,285600,28.0,0,0,539,174670,39,8.0,29.75,3.8703191489361695,1.0,1,15.0,0.125,13.0,0.574
A-9affe6,Company_401,Cybersecurity,US,2023-03-22,other,Pro,7,False,True,11,10636,127632,19.454545454545453,2,0,473,144853,16,3.0,58.0,3.654184397163121,0.0,1,36.3,0.6666666666666666,0.071,1.659
A-80eeb6,Company_402,Cybersecurity,UK,2023-05-09,organic,Enterprise,22,False,True,16,68489,821868,35.4375,4,1,725,221904,43,4.0,40.25,3.7453191489361695,1.0,1,34.7,0.75,0.118,2.213
A-d4e0d4,Company_403,FinTech,US,2024-10-18,other,Basic,117,False,False,10,138060,1656720,117.0,1,1,488,144771,33,4.0,39.25,3.9906382978723407,0.0,0,17.3,0.25,0.635,0.188
A-c7e58b,Company_404,HealthTech,IN,2023-06-25,other,Pro,3,False,False,7,5384,64608,10.285714285714286,0,0,343,105853,18,5.0,30.6,3.5962553191489364,0.0,0,33.1,0.4,0.059,0.358
A-016043,Company_405,EdTech,CA,2024-07-31,organic,Basic,4,True,True,11,16516,198192,20.454545454545453,3,0,478,128619,19,3.0,30.33333333333333,3.9875177304964544,0.0,1,19.9,0.6666666666666666,0.294,1.244
A-bbe56f,Company_406,HealthTech,US,2023-02-16,ads,Enterprise,21,False,False,5,6025,72300,21.2,1,0,232,60604,8,4.0,26.25,3.9953191489361695,0.0,0,37.4,0.5,0.032,0.917
A-7c5768,Company_407,HealthTech,UK,2024-03-02,event,Enterprise,3,False,False,9,3389,40668,20.88888888888889,0,0,461,142276,31,5.0,28.8,3.992510638297873,0.0,0,24.9,0.8,0.148,1.528
A-751bd4,Company_408,Cybersecurity,UK,2024-07-12,partner,Pro,10,False,True,2,190,2280,22.5,0,0,92,32629,0,6.0,23.166666666666668,4.1604255319148935,1.0,1,20.6,0.6666666666666666,0.058,2.143
A-4e0e85,Company_409,DevTools,US,2023-09-08,organic,Enterprise,6,False,True,8,4544,54528,29.25,1,0,288,80419,9,2.0,53.0,4.490638297872341,0.0,1,30.7,0.5,0.065,6.444
A-ad3abd,Company_410,FinTech,US,2023-03-03,event,Pro,44,False,True,7,16896,202752,44.0,0,0,296,94866,11,3.0,13.0,3.3270921985815605,0.0,1,36.9,0.6666666666666666,0.04,0.975
A-e19ff6,Company_411,Cybersecurity,UK,2023-07-28,partner,Enterprise,1,False,True,12,4910,58920,16.833333333333332,1,0,456,144844,24,3.0,30.666666666666668,4.666666666666667,0.0,1,32.1,1.0,0.086,0.696
A-7920cc,Company_412,Cybersecurity,FR,2023-11-23,ads,Pro,39,False,False,16,52089,625068,42.5,1,0,593,176296,28,7.0,32.857142857142854,4.132158054711247,0.0,0,28.2,0.14285714285714285,0.144,1.935
A-5a92e7,Company_413,HealthTech,US,2024-06-11,ads,Pro,4,False,True,19,12671,152052,16.210526315789473,0,0,885,276337,76,7.0,45.0,4.280364741641337,0.0,1,21.6,0.5714285714285714,0.409,0.974
A-fdfc91,Company_414,Cybersecurity,US,2023-05-06,ads,Basic,29,False,False,10,20612,247344,42.7,1,0,557,157660,29,5.0,28.8,3.792510638297872,0.0,0,34.8,1.0,0.091,0.4
A-1e50e0,Company_415,Cybersecurity,DE,2023-02-21,other,Pro,19,True,True,5,13295,159540,34.8,1,0,194,62650,15,2.0,20.5,4.490638297872341,1.0,1,37.2,1.0,0.028,0.704
A-1e1b80,Company_416,FinTech,CA,2023-09-12,other,Enterprise,50,False,True,12,48647,583764,50.25,1,0,682,209315,47,6.0,43.0,3.3302127659574468,0.0,1,30.6,0.6666666666666666,0.141,1.264
A-659280,Company_417,FinTech,IN,2023-11-17,event,Enterprise,13,True,True,12,21450,257400,24.08333333333333,2,0,613,186122,34,4.0,8.0,4.24531914893617,0.0,1,28.4,0.0,0.134,1.073
A-f6b2fb,Company_418,DevTools,AU,2024-04-23,event,Basic,23,False,True,10,23359,280308,25.7,1,1,524,158412,37,5.0,55.0,3.992510638297873,1.0,1,23.2,0.4,0.21,0.5
A-cb6cc6,Company_419,DevTools,US,2023-04-03,ads,Basic,13,True,False,7,2622,31464,14.857142857142858,2,0,314,101719,26,3.0,16.333333333333332,3.660425531914894,0.0,0,35.9,0.6666666666666666,0.053,0.904
A-d62e02,Company_420,Cybersecurity,US,2024-08-20,partner,Pro,6,False,False,10,21324,255888,15.6,1,1,344,126757,23,1.0,36.0,4.0,0.0,0,19.3,1.0,0.248,3.3
A-d535f6,Company_421,DevTools,US,2024-09-03,organic,Basic,12,True,True,9,7415,88980,22.0,1,3,477,146053,29,0.0,0.0,0.0,0.0,1,18.8,0.0,0.378,0.475
A-39868b,Company_422,FinTech,AU,2024-03-17,partner,Pro,9,False,True,5,4194,50328,10.6,1,0,305,106292,21,6.0,39.0,4.1604255319148935,0.0,1,24.4,0.3333333333333333,0.097,1.055
A-3cc791,Company_423,EdTech,US,2024-01-10,other,Enterprise,6,False,True,8,8522,102264,16.875,0,0,447,149032,30,6.0,48.333333333333336,4.1604255319148935,1.0,1,26.6,0.5,0.124,1.333
A-337bc1,Company_424,Cybersecurity,US,2023-07-19,organic,Pro,30,True,True,7,19379,232548,40.142857142857146,2,2,425,141115,34,4.0,32.5,3.9953191489361695,1.0,1,32.4,0.5,0.077,1.115
A-58b9ff,Company_425,DevTools,IN,2024-05-31,partner,Enterprise,2,False,True,13,22642,271704,20.46153846153846,1,1,667,200727,32,2.0,66.0,3.9906382978723407,1.0,1,21.9,0.0,0.304,0.782
A-bf7919,Company_426,HealthTech,US,2024-11-27,organic,Pro,3,False,True,6,1560,18720,9.833333333333334,0,0,262,77458,14,2.0,14.5,4.490638297872341,0.0,1,16.0,0.5,0.765,1.0
A-1d5444,Company_427,Cybersecurity,US,2024-01-18,partner,Basic,24,False,True,14,30958,371496,26.428571428571427,2,0,592,182031,35,2.0,30.0,3.9906382978723407,0.0,1,26.3,1.0,0.164,0.795
A-0f3e88,Company_428,HealthTech,US,2023-07-23,other,Basic,7,False,True,11,5624,67488,13.909090909090908,2,0,598,176630,28,3.0,48.0,4.3270921985815605,0.0,1,32.2,0.3333333333333333,0.11,1.354
A-7641d3,Company_429,EdTech,US,2023-02-16,partner,Pro,8,True,True,11,12060,144720,21.545454545454547,0,1,519,164755,26,5.0,45.2,4.192510638297873,2.0,1,37.4,0.6,0.07,0.824
A-cd458b,Company_430,DevTools,US,2024-06-15,other,Basic,10,True,True,15,43291,519492,23.266666666666666,0,1,864,266624,45,5.0,38.4,4.6,0.0,1,21.5,0.8,0.407,1.02
A-c16b88,Company_431,HealthTech,US,2023-12-02,event,Enterprise,23,False,True,9,20338,244056,27.22222222222222,2,0,457,154959,24,3.0,48.333333333333336,3.654184397163121,0.0,1,27.9,0.6666666666666666,0.122,0.114
A-59f724,Company_432,HealthTech,US,2023-11-03,other,Enterprise,3,True,False,12,9773,117276,20.83333333333333,2,0,696,221691,47,4.0,19.25,4.25,0.0,0,28.8,0.75,0.146,0.653
A-87aa7b,Company_433,HealthTech,US,2024-05-16,organic,Pro,24,True,True,16,22881,274572,29.5625,4,2,742,210545,35,3.0,27.33333333333333,3.981276595744681,1.0,1,22.4,0.6666666666666666,0.297,1.576
A-1e6fc3,Company_434,EdTech,FR,2023-12-06,other,Pro,1,False,True,4,444,5328,4.5,0,0,244,85274,19,5.0,23.8,3.792510638297872,0.0,1,27.8,0.6,0.066,0.235
A-39ddf4,Company_435,EdTech,US,2024-12-05,partner,Enterprise,40,False,True,9,35836,430032,40.44444444444444,0,0,455,139654,36,5.0,23.0,4.1962553191489365,0.0,1,15.8,0.8,1.769,0.326
A-34ea2f,Company_436,HealthTech,US,2024-08-15,organic,Enterprise,8,False,True,12,14583,174996,23.0,3,0,550,175157,30,8.0,35.25,3.867978723404256,0.0,1,19.4,0.375,0.406,0.918
A-716841,Company_437,FinTech,US,2024-05-06,other,Pro,45,False,True,8,26234,314808,59.5,0,0,344,111161,13,5.0,29.8,3.992510638297873,0.0,1,22.8,0.0,0.134,0.578
A-558c72,Company_438,FinTech,US,2023-06-01,organic,Basic,12,False,True,7,9171,110052,22.714285714285715,1,0,296,83537,16,4.0,64.25,4.240638297872341,1.0,1,33.9,0.5,0.05,1.724
A-b11cd0,Company_439,DevTools,US,2023-01-20,ads,Pro,26,True,False,6,4806,57672,27.666666666666668,0,0,278,85711,16,4.0,38.5,3.9906382978723407,0.0,0,38.3,0.0,0.039,0.905
A-cc1d8d,Company_440,FinTech,US,2024-12-08,other,Pro,5,False,True,13,8947,107364,17.23076923076923,1,1,618,204365,48,5.0,30.2,4.188765957446809,0.0,1,15.7,0.4,2.522,0.734
A-7f4db3,Company_441,FinTech,US,2023-03-05,other,Pro,4,False,True,15,26276,315312,19.933333333333334,0,1,835,277667,46,5.0,16.6,3.396255319148936,1.0,1,36.8,0.4,0.13,1.28
A-db5e9e,Company_442,DevTools,US,2024-11-09,partner,Basic,4,False,True,8,9251,111012,21.5,0,1,586,170855,27,2.0,66.0,5.0,0.0,1,16.6,0.0,1.038,0.682
A-cc102e,Company_443,HealthTech,US,2024-04-15,partner,Enterprise,13,False,True,10,10063,120756,17.0,1,0,389,120504,36,4.0,33.25,4.24531914893617,0.0,1,23.5,0.25,0.162,2.773
A-82d8a6,Company_444,Cybersecurity,UK,2024-11-28,ads,Basic,5,False,True,17,27966,335592,23.352941176470587,5,2,661,198538,38,5.0,42.2,3.7887659574468087,0.0,1,16.0,0.6,2.091,1.153
A-dec005,Company_445,HealthTech,US,2023-10-13,partner,Pro,21,False,True,10,30744,368928,25.8,1,0,475,145213,44,2.0,59.0,3.4906382978723407,0.0,1,29.5,0.5,0.112,1.42
A-5790f4,Company_446,FinTech,UK,2024-12-22,event,Pro,1,True,True,6,18926,227112,25.666666666666668,0,0,321,95888,26,4.0,44.0,3.985957446808511,1.0,1,15.2,0.25,3.889,0.838
A-7c83a1,Company_447,Cybersecurity,US,2024-05-06,partner,Pro,12,False,True,12,16731,200772,18.166666666666668,0,1,632,203509,23,4.0,42.0,4.0,0.0,1,22.8,0.5,0.255,1.171
A-297a2d,Company_448,HealthTech,UK,2023-05-05,event,Pro,27,False,False,5,14373,172476,28.8,3,0,244,70412,22,2.0,32.5,3.4906382978723407,0.0,0,34.8,1.0,0.04,1.909
A-4c56c9,Company_449,FinTech,US,2023-12-20,partner,Enterprise,9,False,True,13,30471,365652,22.307692307692307,0,0,623,195927,38,5.0,38.6,3.796255319148936,0.0,1,27.3,0.4,0.162,1.239
A-cbbe12,Company_450,Cybersecurity,DE,2023-03-22,partner,Enterprise,40,False,False,6,13081,156972,41.5,1,1,178,49983,10,6.0,38.0,4.1604255319148935,0.0,0,36.3,0.6666666666666666,0.032,0.762
A-4a267b,Company_451,FinTech,US,2024-05-05,other,Pro,25,False,True,10,29687,356244,31.3,1,1,498,150984,22,4.0,16.25,4.24531914893617,0.0,1,22.8,0.5,0.204,1.219
A-bcbe98,Company_452,Cybersecurity,US,2024-07-29,other,Enterprise,46,False,True,11,21666,259992,46.0,2,1,635,173619,43,7.0,38.285714285714285,3.989300911854104,1.0,1,20.0,0.5714285714285714,0.381,2.0
A-427b69,Company_453,FinTech,US,2024-08-23,other,Basic,17,False,False,10,19958,239496,21.6,0,0,698,215804,36,2.0,31.5,3.4906382978723407,0.0,0,19.2,0.5,0.515,1.039
A-0be015,Company_454,FinTech,US,2024-10-15,event,Pro,19,False,True,5,1178,14136,21.4,0,0,297,88205,13,7.0,40.285714285714285,4.137507598784195,1.0,1,17.4,0.5714285714285714,0.364,0.662
A-054577,Company_455,EdTech,UK,2024-04-28,ads,Basic,2,False,False,16,44601,535212,30.6875,1,1,833,219747,52,1.0,46.0,4.0,0.0,0,23.0,1.0,0.336,4.167
A-bc87bc,Company_456,FinTech,US,2024-07-17,event,Pro,3,False,False,8,12032,144384,12.625,0,0,394,135160,14,7.0,40.57142857142857,3.8491185410334343,0.0,0,20.4,0.5714285714285714,0.216,2.875
A-0f7d77,Company_457,FinTech,IN,2024-10-28,partner,Pro,3,False,True,6,2326,27912,6.166666666666667,0,0,298,93933,19,5.0,27.2,4.388765957446809,0.0,1,17.0,0.6,0.469,2.28
A-e7beab,Company_458,EdTech,DE,2023-10-20,organic,Enterprise,5,False,True,7,11332,135984,25.142857142857142,0,0,373,131074,17,6.0,36.66666666666666,3.993758865248227,0.0,1,29.3,0.3333333333333333,0.08,0.81
A-a09355,Company_459,FinTech,US,2024-08-10,organic,Basic,14,False,True,16,34140,409680,17.75,0,1,788,217064,47,5.0,32.6,3.992510638297873,0.0,1,19.6,0.6,0.49,1.643
A-31ab9a,Company_460,FinTech,DE,2024-03-03,organic,Pro,3,False,True,7,15802,189624,23.857142857142858,0,0,340,129917,23,7.0,43.142857142857146,3.706261398176292,0.0,1,24.9,0.42857142857142855,0.112,0.468
A-0158bb,Company_461,FinTech,DE,2024-05-22,partner,Basic,5,False,False,6,4070,48840,25.83333333333333,1,0,364,122051,22,1.0,32.0,3.0,0.0,0,22.2,1.0,0.157,0.368
A-f19b24,Company_462,Cybersecurity,US,2023-01-10,organic,Pro,29,True,False,3,2523,30276,29.0,0,0,119,46012,10,2.0,35.5,3.9906382978723407,1.0,0,38.6,0.5,0.017,37.0
A-798a3f,Company_463,DevTools,FR,2023-10-19,other,Enterprise,12,False,True,9,14152,169824,19.11111111111111,1,0,352,105146,19,5.0,33.0,3.992510638297873,0.0,1,29.3,1.0,0.077,1.63
A-42b791,Company_464,FinTech,AU,2024-05-20,event,Pro,3,False,False,7,19060,228720,27.142857142857142,0,0,312,84693,6,3.0,33.666666666666664,3.993758865248227,0.0,0,22.3,0.6666666666666666,0.142,1.061
A-068fc6,Company_465,EdTech,US,2023-07-17,event,Enterprise,35,False,False,10,29085,349020,35.0,1,0,598,189037,29,5.0,38.8,4.192510638297873,0.0,0,32.4,0.8,0.107,0.802
A-6f50ae,Company_466,FinTech,US,2023-09-21,partner,Pro,19,False,True,14,26608,319296,21.428571428571427,0,1,811,240012,48,5.0,31.0,4.396255319148937,0.0,1,30.3,0.4,0.163,1.017
A-a2485e,Company_467,FinTech,US,2024-08-04,event,Pro,3,True,False,6,8775,105300,22.5,0,1,317,102647,13,0.0,0.0,0.0,0.0,0,19.8,0.0,0.188,2.632
A-bb1eaa,Company_468,Cybersecurity,US,2024-06-11,organic,Basic,21,False,True,5,10381,124572,21.8,0,1,164,45337,7,6.0,23.5,4.15418439716312,0.0,1,21.6,0.8333333333333334,0.084,2.9
A-cc98bc,Company_469,DevTools,US,2023-05-24,ads,Basic,32,False,False,10,21567,258804,36.7,1,0,551,160470,24,3.0,4.666666666666667,3.9875177304964544,0.0,0,34.2,0.3333333333333333,0.082,7.917
A-d77f4c,Company_470,DevTools,US,2023-09-25,partner,Pro,4,True,True,14,48726,584712,23.928571428571427,4,1,617,182046,32,2.0,31.0,4.0,0.0,1,30.1,0.5,0.134,0.607
A-ccabf0,Company_471,HealthTech,IN,2023-11-06,organic,Pro,1,False,True,10,22379,268548,18.6,0,1,506,169088,29,4.0,46.25,3.7453191489361695,0.0,1,28.7,0.5,0.119,1.013
A-700ade,Company_472,Cybersecurity,UK,2024-10-31,organic,Enterprise,1,True,False,8,16875,202500,20.625,0,0,284,85381,18,4.0,30.25,4.49531914893617,0.0,0,16.9,0.75,0.475,0.471
A-4a4c2d,Company_473,DevTools,US,2023-05-02,event,Enterprise,54,False,False,13,33966,407592,54.0,1,1,577,161718,34,5.0,42.0,4.1962553191489365,0.0,0,34.9,0.4,0.094,0.557
A-b7ef83,Company_474,Cybersecurity,UK,2024-05-29,partner,Pro,1,True,True,15,35868,430416,20.8,2,0,738,216777,39,2.0,47.5,3.9906382978723407,0.0,1,22.0,0.5,0.31,1.011
A-e08cd3,Company_475,FinTech,US,2024-09-21,ads,Pro,67,True,True,11,71020,852240,67.0,0,1,432,138064,21,8.0,30.375,3.9906382978723407,0.0,1,18.2,0.75,0.426,72.0
A-19b2c8,Company_476,DevTools,IN,2023-06-06,other,Pro,20,False,True,13,26703,320436,22.07692307692308,1,0,601,188401,34,3.0,29.33333333333333,4.666666666666667,0.0,1,33.8,0.3333333333333333,0.108,1.114
A-970c97,Company_477,HealthTech,DE,2024-03-01,other,Enterprise,14,False,False,8,15381,184572,19.875,0,1,444,133732,24,1.0,61.0,5.0,0.0,0,24.9,1.0,0.141,3.714
A-6dee43,Company_478,FinTech,UK,2023-08-12,other,Basic,3,True,True,11,22770,273240,25.545454545454547,1,0,461,142536,11,5.0,44.2,4.192510638297873,0.0,1,31.6,1.0,0.095,0.571
A-5ed98d,Company_479,DevTools,US,2024-06-22,partner,Basic,24,False,True,8,15478,185736,30.0,1,0,312,90314,18,5.0,35.8,4.185021276595745,0.0,1,21.2,0.4,0.161,12.167
A-c58f49,Company_480,EdTech,US,2024-07-31,other,Enterprise,70,True,True,7,70980,851760,70.0,1,0,363,108540,22,3.0,36.333333333333336,4.320851063829788,1.0,1,19.9,0.6666666666666666,0.235,2.444
A-9c18c4,Company_481,HealthTech,US,2023-07-27,ads,Pro,11,False,False,10,17823,213876,12.8,3,0,556,178453,37,4.0,42.25,3.9906382978723407,0.0,0,32.1,0.5,0.101,1.088
A-cc8c8f,Company_482,DevTools,US,2024-06-16,ads,Enterprise,23,False,True,7,15600,187200,27.285714285714285,1,1,268,66983,18,2.0,14.5,3.5,0.0,1,21.4,1.0,0.141,1.0
A-5f7781,Company_483,DevTools,US,2024-08-20,other,Pro,22,False,True,5,10252,123024,34.6,1,0,183,69505,10,2.0,28.5,3.9906382978723407,0.0,1,19.3,1.0,0.135,0.333
A-e1b9cd,Company_484,DevTools,US,2023-02-26,event,Pro,40,False,True,15,37042,444504,46.53333333333333,0,3,840,243616,47,1.0,35.0,3.0,0.0,1,37.1,1.0,0.119,0.259
A-ac85cd,Company_485,EdTech,US,2024-07-31,partner,Enterprise,53,False,True,12,41267,495204,56.333333333333336,1,2,634,176002,29,3.0,33.666666666666664,3.660425531914894,0.0,1,19.9,0.0,0.386,2.058
A-d792a6,Company_486,DevTools,US,2023-01-23,organic,Enterprise,4,False,True,15,23049,276588,18.73333333333333,1,1,690,203395,40,5.0,40.6,3.988765957446809,0.0,1,38.2,0.6,0.09,0.807
A-ac9111,Company_487,HealthTech,US,2023-08-12,event,Pro,21,True,True,16,26626,319512,26.625,0,1,808,254330,46,3.0,24.666666666666668,4.320851063829788,0.0,1,31.6,0.6666666666666666,0.152,1.225
A-18793f,Company_488,EdTech,US,2024-12-18,organic,Basic,148,True,True,11,78588,943056,148.0,1,0,486,168310,20,5.0,45.2,3.8,0.0,1,15.3,0.4,3.538,0.38
A-9f0b68,Company_489,EdTech,US,2024-04-28,ads,Basic,10,False,True,12,28518,342216,20.0,2,1,709,194123,33,3.0,30.33333333333333,3.654184397163121,0.0,1,23.0,0.6666666666666666,0.271,0.38
A-d3c88e,Company_490,DevTools,US,2024-10-18,event,Pro,16,False,True,13,26183,314196,19.923076923076923,3,0,644,204483,48,3.0,58.0,3.9875177304964544,0.0,1,17.3,1.0,0.851,0.958
A-ccb686,Company_491,DevTools,US,2024-01-22,other,Basic,10,False,True,12,21541,258492,22.916666666666668,4,1,721,203848,46,1.0,67.0,4.0,0.0,1,26.2,1.0,0.192,1.83
A-118f1c,Company_492,Cybersecurity,US,2024-10-31,other,Pro,32,False,True,8,52160,625920,44.0,0,0,369,96816,14,1.0,64.0,3.0,0.0,1,16.9,0.0,0.59,0.923
A-0e966d,Company_493,FinTech,IN,2024-06-25,ads,Basic,11,False,False,11,12445,149340,23.63636363636364,0,0,636,197685,34,3.0,31.666666666666668,4.3270921985815605,1.0,0,21.1,0.3333333333333333,0.328,2.902
A-b9f5b1,Company_494,Cybersecurity,US,2023-01-24,other,Pro,15,True,True,7,7072,84864,26.285714285714285,0,0,307,90576,12,6.0,31.83333333333333,3.333333333333333,1.0,1,38.1,0.3333333333333333,0.042,1.469
A-8ae3fc,Company_495,DevTools,CA,2024-06-28,ads,Pro,9,False,True,8,4447,53364,27.625,0,0,402,130242,30,4.0,39.5,3.7406382978723407,0.0,1,21.0,1.0,0.21,1.019
A-55f257,Company_496,FinTech,US,2023-12-21,organic,Basic,9,False,False,10,12137,145644,18.8,3,0,476,145972,25,6.0,43.16666666666666,4.6604255319148935,0.0,0,27.3,0.5,0.133,2.545
A-d26ab4,Company_497,DevTools,UK,2024-11-07,organic,Basic,9,False,True,9,16613,199356,22.444444444444443,0,1,458,121379,24,2.0,49.5,3.9906382978723407,0.0,1,16.7,0.5,0.796,2.696
A-712533,Company_498,EdTech,US,2023-07-31,organic,Pro,18,False,True,12,19382,232584,28.416666666666668,1,0,571,180056,35,5.0,37.4,3.796255319148936,0.0,1,32.0,0.4,0.106,2.068
A-781cc0,Company_499,EdTech,US,2024-09-04,organic,Pro,12,False,True,16,18315,219780,16.5625,2,0,864,270008,42,4.0,57.5,3.7453191489361695,0.0,1,18.8,0.75,0.686,0.863
